nama_lomba,bidang_utama,kategori,tema,jumlah_peserta,hadiah,start_date,deadline_date,penyelenggara
National DevFest 2025,Tech & IT,UI/UX Design,Smart City,2371,45000000,2025-04-25,2025-07-18,Penyelenggara Independen
Festival Eco Summit Samarinda,Sosial & Lingkungan,Kemanusiaan,Aksi Tanggap Bencana,2660,19000000,,2024-07-01,WWF Indonesia
Festival Health Challenge Malang,Kesehatan,Gizi dan Nutrisi,Pencegahan Stunting,2771,18000000,,2026-05-27,Kementerian Kesehatan RI
National Ideathon 2024,Tech & IT,Software Development,Blockchain for Good,1626,12000000,,2024-04-19,Kementerian Kominfo
GELAR DEVFEST BALI,Tech & IT,Software Development,Blockchain for Good,1592,18000000,,2025-11-05,aws indonesia   
Preneur Olympiad Denpasar 2024,Bisnis & Ekonomi,Fintech,Digitalisasi UMKM,1969,21000000,2024-04-30,2024-05-20,BCA
National DevFest 2025,Tech & IT,AI/Machine Learning,Smart City,1626,23000000,,2025-05-12,Tech Community
relawan challenge padang 2026   ,Sosial & Lingkungan,Kemanusiaan,Aksi Tanggap Bencana,3618,15000000,,2025-05-12,Kementerian Sosial
NATIONAL HEALTH CHALLENGE 2026,Kesehatan,Teknologi Medis,Umum - Kesehatan,91,22000000,,2026-09-19,ikatan dokter indonesia   
Startup Fest Malang 2024,Bisnis & Ekonomi,Fintech,Strategi Pemasaran Gen Z,3614,16000000,,2024-11-24,BCA
Kompetisi Impact Fest Yogyakarta,Sosial & Lingkungan,Pendidikan,Energi Terbarukan,2314,29000000,,2024-03-14,Yayasan Ruangguru
National CodeFest 2026,Tech & IT,AI/Machine Learning,Generative AI,1586,25000000,,2024-03-14,Tech Community
Festival Aksi Sehat Surabaya,Kesehatan,Kesehatan Mental,Awareness Kesehatan Mental,403,35000000,,2025-08-01,KEMENTERIAN KESEHATAN RI
Med Inno Surabaya 2026,Kesehatan,Kesehatan Mental,Pencegahan Stunting,2144,13000000,2026-08-01,2026-09-22,Ikatan Dokter Indonesia
National Tech Challenge 2024,Tech & IT,Cyber Security,Generative AI,915,22000000,2026-08-01,2024-12-15,google developer group   
Impact Fest Bengkulu 2025,Sosial & Lingkungan,Umum - Sosial & Lingkungan,Pengurangan Sampah Plastik,1921,31000000,,2025-05-29,UNICEF Indonesia
Kompetisi Aksi Baik Jakarta,Sosial & Lingkungan,Kemanusiaan,Energi Terbarukan,906,8000000,,2024-07-04,UNICEF INDONESIA
GAGASAN MEDIS MANADO 2024,Kesehatan,Kesehatan Masyarakat,Pencegahan Stunting,1895,29000000,,2024-04-17,KEMENTERIAN KESEHATAN RI
national hackathon 2025   ,Tech & IT,Data Science,Data Privacy,3258,43000000,2025-10-27,2025-12-23,PT Telkom Indonesia
KOMPETISI STARTUP FEST PEKANBARU,Bisnis & Ekonomi,Marketing,Green Economy,597,45000000,,2025-12-23,Penyelenggara Independen
National Medical Hackathon 2024,Kesehatan,Teknologi Medis,Inovasi Alat Medis,839,5000000,,2025-12-23,KEMENTERIAN KESEHATAN RI
TECH CHALLENGE PEKANBARU 2024,Tech & IT,AI/Machine Learning,Smart City,2688,40000000,,2024-07-03,PT Telkom Indonesia
Startup Fest Pekanbaru 2025,Bisnis & Ekonomi,Kewirausahaan,Strategi Pemasaran Gen Z,3817,25000000,,2025-07-24,kementerian koperasi dan ukm   
Medical Hackathon Bali 2025,Kesehatan,Kesehatan Masyarakat,Inovasi Alat Medis,1804,44000000,,2025-07-24,WHO Indonesia
Kompetisi Health Challenge Jakarta,Kesehatan,Kesehatan Mental,Awareness Kesehatan Mental,3202,37000000,,2024-08-09,Ikatan Dokter Indonesia
Preneur Olympiad Padang 2026,Bisnis & Ekonomi,Marketing,Ekonomi Sirkular,2841,35000000,,2026-05-20,BCA
national health challenge 2024   ,Kesehatan,Kesehatan Mental,Inovasi Alat Medis,275,43000000,,2024-04-13,WHO Indonesia
national impact fest 2026   ,Sosial & Lingkungan,Lingkungan Hidup,Energi Terbarukan,879,29000000,,2026-11-19,Kitabisa
National Aksi Baik 2025,Sosial & Lingkungan,Lingkungan Hidup,Pendidikan Daerah Terpelosok,3773,31000000,,2025-10-13,Kementerian Sosial
VENTURE CHALLENGE MALANG 2026,Bisnis & Ekonomi,Marketing,Green Economy,2090,26000000,,2026-03-26,bca   
Festival Pitching Summit Makassar,Lainnya,Fintech,Strategi Pemasaran Gen Z,191,17000000,,2025-08-25,Bursa Efek Indonesia
National Aksi Baik 2025,Sosial & Lingkungan,Pendidikan,Aksi Tanggap Bencana,921,11000000,,2025-05-23,UNICEF Indonesia
GELAR IMPACT FEST DENPASAR,Sosial & Lingkungan,Kemanusiaan,Energi Terbarukan,3562,24000000,,2026-02-12,Kementerian Sosial
Festival Ideathon Denpasar,Tech & IT,AI/Machine Learning,Data Privacy,2608,12000000,2025-01-27,2025-02-14,Penyelenggara Independen
National Ideathon 2026,Tech & IT,Umum - Tech & IT,Data Privacy,-1451,48000000,2026-07-26,2026-09-13,Google Developer Group
National Tech Challenge 2026,Tech & IT,UI/UX Design,Aplikasi Layanan Publik,2702,34000000,,2026-07-16,PT TELKOM INDONESIA
NATIONAL HACKATHON 2026,Tech & IT,AI/Machine Learning,Blockchain for Good,1035,46000000,,2026-05-25,google developer group   
National Gagasan Medis 2025,Kesehatan,Gizi dan Nutrisi,Pencegahan Stunting,3296,20000000,,2025-07-08,who indonesia   
National Pitching Summit 2024,Bisnis & Ekonomi,Umum - Bisnis & Ekonomi,Digitalisasi UMKM,2142,44000000,,2025-07-08,Kementerian Koperasi dan UKM
Kompetisi Eco Summit Bandung,Sosial & Lingkungan,Lingkungan Hidup,Umum - Sosial & Lingkungan,2236,30000000,,2024-07-09,Kementerian Sosial
Med Inno Manado 2026,Kesehatan,Kesehatan Mental,Inovasi Alat Medis,3505,42000000,,2024-07-09,Kementerian Kesehatan RI
National Startup Fest 2025,Bisnis & Ekonomi,Pengembangan UMKM,Green Economy,3539,5000000,,2024-07-09,Kementerian Koperasi dan UKM
NATIONAL BUSINESS CASE 2026,Bisnis & Ekonomi,Kewirausahaan,Umum - Bisnis & Ekonomi,2090,23000000,,2026-11-02,Inkubator Bisnis Univ
National Gagasan Medis 2026,Kesehatan,Teknologi Medis,Awareness Kesehatan Mental,1092,12000000,2026-01-28,2026-03-08,WHO Indonesia
national eco summit 2025   ,Sosial & Lingkungan,Kemanusiaan,Energi Terbarukan,2621,27000000,,2025-10-02,yayasan ruangguru   
Festival Gagasan Medis Yogyakarta,Kesehatan,Kesehatan Masyarakat,Pencegahan Stunting,1804,48000000,,2026-09-30,ikatan dokter indonesia   
Kompetisi Aksi Sehat Bengkulu,Kesehatan,Teknologi Medis,Inovasi Alat Medis,389,8000000,,2025-08-14,Yayasan Peduli Sehat
Aksi Baik Makassar 2024,Sosial & Lingkungan,Pendidikan,Aksi Tanggap Bencana,3749,46000000,,2024-10-09,Kementerian Sosial
National Preneur Olympiad 2025,Bisnis & Ekonomi,Pengembangan UMKM,Strategi Pemasaran Gen Z,-1272,47000000,,2025-06-28,bank indonesia   
Festival Preneur Olympiad Nasional,Bisnis & Ekonomi,Fintech,Strategi Pemasaran Gen Z,2090,37000000,,2025-12-10,Penyelenggara Independen
National Ideathon 2025,Tech & IT,AI/Machine Learning,Blockchain for Good,821,6000000,2025-06-09,2025-09-05,PT Telkom Indonesia
Ideathon Balikpapan 2024,Tech & IT,Cyber Security,Smart City,3932,38000000,,2024-07-07,Penyelenggara Independen
National Medical Hackathon 2024,Kesehatan,Kesehatan Mental,Awareness Kesehatan Mental,3042,6000000,,2024-08-04,ikatan dokter indonesia   
National DevFest 2026,Tech & IT,UI/UX Design,Smart City,3170,29000000,,2024-08-04,AWS INDONESIA
Festival Medical Hackathon Bengkulu,Kesehatan,Kesehatan Mental,Inovasi Alat Medis,3559,48000000,,2026-05-03,WHO Indonesia
Pitching Summit Palembang 2025,Bisnis & Ekonomi,Marketing,Green Economy,2105,12000000,,2026-01-10,Penyelenggara Independen
Med Inno Surabaya 2024,Kesehatan,Teknologi Medis,Inovasi Alat Medis,3151,7000000,,2024-08-06,Ikatan Dokter Indonesia
National Tech Challenge 2025,Tech & IT,AI/Machine Learning,Blockchain for Good,1626,9000000,2025-04-01,2025-06-20,Penyelenggara Independen
NATIONAL AKSI SEHAT 2024,Kesehatan,Kesehatan Masyarakat,Pencegahan Stunting,3201,45000000,,2024-05-19,who indonesia   
Festival Preneur Olympiad Padang,Bisnis & Ekonomi,Pengembangan UMKM,Strategi Pemasaran Gen Z,1836,13000000,,2024-10-24,BANK INDONESIA
Festival Medical Hackathon Denpasar,Kesehatan,Teknologi Medis,Telemedicine Inklusif,3776,11000000,,2026-12-12,Ikatan Dokter Indonesia
PITCHING SUMMIT BANDUNG 2025,Bisnis & Ekonomi,Marketing,Strategi Pemasaran Gen Z,2426,13000000,,2025-05-02,bursa efek indonesia   
Festival Hackathon Bengkulu,Tech & IT,Cyber Security,Blockchain for Good,2683,29000000,,2025-08-23,Google Developer Group
Pitching Summit Jakarta 2024,Bisnis & Ekonomi,Umum - Bisnis & Ekonomi,Strategi Pemasaran Gen Z,3519,29000000,,2024-03-01,Kementerian Koperasi dan UKM
Festival Aksi Baik Medan,Sosial & Lingkungan,Lingkungan Hidup,Aksi Tanggap Bencana,3465,29000000,,2024-06-04,UNICEF Indonesia
Venture Challenge Pekanbaru 2025,Bisnis & Ekonomi,Marketing,Green Economy,63,45000000,,2025-03-04,Inkubator Bisnis Univ
kompetisi medical hackathon jakarta   ,Kesehatan,Teknologi Medis,Awareness Kesehatan Mental,1804,29000000,,2025-03-04,Kementerian Kesehatan RI
FESTIVAL AKSI BAIK SEMARANG,Sosial & Lingkungan,Umum - Sosial & Lingkungan,Aksi Tanggap Bencana,1067,27000000,,2024-05-07,Penyelenggara Independen
Tech Challenge Pekanbaru 2026,Tech & IT,Data Science,Aplikasi Layanan Publik,417,31000000,,2026-10-21,Tech Community
Kompetisi Med Inno Surabaya,Kesehatan,Kesehatan Mental,Pencegahan Stunting,1804,34000000,,2026-08-13,WHO Indonesia
Kompetisi Relawan Challenge Batam,Sosial & Lingkungan,Pemberdayaan Masyarakat,Pengurangan Sampah Plastik,-630,36000000,,2026-05-25,WWF Indonesia
Tech Challenge Surabaya 2025,Tech & IT,Cyber Security,Data Privacy,-147,24000000,,2025-09-17,PT Telkom Indonesia
Tech Challenge Medan 2026,Tech & IT,AI/Machine Learning,Data Privacy,2746,14000000,,2026-08-02,PT Telkom Indonesia
National Health Challenge 2024,Kesehatan,Gizi dan Nutrisi,Awareness Kesehatan Mental,-3114,27000000,,2024-06-30,Ikatan Dokter Indonesia
gelar aksi sehat surabaya   ,Kesehatan,Kesehatan Masyarakat,Inovasi Alat Medis,1804,6000000,,2026-06-21,Kementerian Kesehatan RI
Gelar Venture Challenge Bengkulu,Bisnis & Ekonomi,Kewirausahaan,Keuangan Inklusif,1572,49000000,2025-06-24,2025-09-16,BCA
Kompetisi Eco Summit Denpasar,Sosial & Lingkungan,Kemanusiaan,Aksi Tanggap Bencana,3211,38000000,,2026-07-27,UNICEF Indonesia
National DevFest 2025,Tech & IT,Software Development,Blockchain for Good,2590,40000000,,2025-04-13,Tech Community
Gagasan Medis Balikpapan 2024,Kesehatan,Teknologi Medis,Awareness Kesehatan Mental,3804,29000000,,2024-10-11,WHO Indonesia
National Gagasan Medis 2025,Kesehatan,Teknologi Medis,Pencegahan Stunting,67,18000000,,2024-10-11,Kementerian Kesehatan RI
Medical Hackathon Makassar 2026,Kesehatan,Umum - Kesehatan,Inovasi Alat Medis,-1628,29000000,,2026-10-23,WHO Indonesia
National DevFest 2026,Tech & IT,Data Science,Blockchain for Good,419,31000000,,2026-10-05,GOOGLE DEVELOPER GROUP
Gelar Pitching Summit Malang,Bisnis & Ekonomi,Fintech,Strategi Pemasaran Gen Z,386,43000000,,2026-10-05,BANK INDONESIA
National Eco Summit 2025,Sosial & Lingkungan,Pemberdayaan Masyarakat,Aksi Tanggap Bencana,2789,44000000,,2025-10-07,Yayasan Ruangguru
RELAWAN CHALLENGE BENGKULU 2025,Sosial & Lingkungan,Kemanusiaan,Energi Terbarukan,2963,18000000,,2025-07-10,KITABISA
KOMPETISI AKSI BAIK BENGKULU,Sosial & Lingkungan,Lingkungan Hidup,Pengurangan Sampah Plastik,2807,29000000,,2025-10-20,WWF Indonesia
Hackathon Palembang 2026,Tech & IT,Software Development,Data Privacy,2628,30000000,,2026-01-29,PT Telkom Indonesia
Med Inno Bandung 2024,Kesehatan,Teknologi Medis,Inovasi Alat Medis,2178,48000000,,2024-01-29,Penyelenggara Independen
Med Inno Samarinda 2024,Kesehatan,Kesehatan Mental,Inovasi Alat Medis,1804,21000000,,2024-07-22,Kementerian Kesehatan RI
Gelar Preneur Olympiad Malang,Bisnis & Ekonomi,Umum - Bisnis & Ekonomi,Keuangan Inklusif,3310,43000000,2024-07-22,2024-08-30,Bursa Efek Indonesia
Festival Impact Fest Makassar,Sosial & Lingkungan,Pendidikan,Energi Terbarukan,139,44000000,,2026-06-29,Penyelenggara Independen
gelar aksi sehat balikpapan   ,Kesehatan,Kesehatan Mental,Awareness Kesehatan Mental,3076,46000000,,2025-08-07,WHO INDONESIA
Med Inno Yogyakarta 2025,Kesehatan,Umum - Kesehatan,Telemedicine Inklusif,-1801,33000000,,2025-04-24,WHO Indonesia
Kompetisi Tech Challenge Denpasar,Tech & IT,UI/UX Design,Umum - Tech & IT,2731,44000000,2024-01-23,2025-04-24,AWS Indonesia
Gelar Business Case Yogyakarta,Bisnis & Ekonomi,Umum - Bisnis & Ekonomi,Strategi Pemasaran Gen Z,957,41000000,,2025-04-24,Bursa Efek Indonesia
Sociopreneur Pekanbaru 2024,Sosial & Lingkungan,Pemberdayaan Masyarakat,Pengurangan Sampah Plastik,1494,33000000,,2024-03-18,Penyelenggara Independen
Gagasan Medis Medan 2025,Kesehatan,Kesehatan Mental,Awareness Kesehatan Mental,427,26000000,,2025-06-25,Yayasan Peduli Sehat
Festival Business Case Pekanbaru,Bisnis & Ekonomi,Umum - Bisnis & Ekonomi,Keuangan Inklusif,3343,22000000,,2026-07-25,Kementerian Koperasi dan UKM
Gelar Med Inno Surabaya,Kesehatan,Kesehatan Mental,Pencegahan Stunting,-691,32000000,,2026-09-28,WHO Indonesia
Relawan Challenge Padang 2026,Sosial & Lingkungan,Kemanusiaan,Aksi Tanggap Bencana,3618,15000000,,2026-10-29,Kementerian Sosial
Gagasan Medis Nasional 2026,Kesehatan,Teknologi Medis,Umum - Kesehatan,719,23000000,,2026-05-30,Kementerian Kesehatan RI
MED INNO PEKANBARU 2024,Kesehatan,Kesehatan Masyarakat,Inovasi Alat Medis,1804,33000000,,2024-11-07,WHO Indonesia
NATIONAL HEALTH CHALLENGE 2026,Kesehatan,Kesehatan Masyarakat,Awareness Kesehatan Mental,1804,9000000,,2026-11-15,who indonesia   
Eco Summit Denpasar 2025,Sosial & Lingkungan,Kemanusiaan,Energi Terbarukan,2375,49000000,,2025-11-02,UNICEF Indonesia
National Venture Challenge 2025,Bisnis & Ekonomi,Fintech,Umum - Bisnis & Ekonomi,291,27000000,,2025-09-24,BANK INDONESIA
National Health Challenge 2025,Kesehatan,Gizi dan Nutrisi,Awareness Kesehatan Mental,3848,27000000,,2025-03-09,IKATAN DOKTER INDONESIA
GELAR MEDICAL HACKATHON PADANG,Kesehatan,Kesehatan Masyarakat,Umum - Kesehatan,1804,40000000,,2024-02-19,yayasan peduli sehat   
NATIONAL HACKATHON 2024,Tech & IT,Umum - Tech & IT,Aplikasi Layanan Publik,2703,9000000,,2024-11-23,kementerian kominfo   
National Venture Challenge 2025,Bisnis & Ekonomi,Fintech,Digitalisasi UMKM,1895,28000000,,2025-11-14,Inkubator Bisnis Univ
FESTIVAL MEDICAL HACKATHON PALEMBANG,Kesehatan,Kesehatan Mental,Pencegahan Stunting,105,39000000,,2025-05-15,KEMENTERIAN KESEHATAN RI
Kompetisi Aksi Sehat Manado,Kesehatan,Kesehatan Masyarakat,Pencegahan Stunting,1870,33000000,,2025-05-15,Yayasan Peduli Sehat
National Startup Fest 2026,Bisnis & Ekonomi,Kewirausahaan,Strategi Pemasaran Gen Z,182,11000000,,2026-04-27,Bursa Efek Indonesia
FESTIVAL MEDICAL HACKATHON PALEMBANG,Kesehatan,Kesehatan Masyarakat,Pencegahan Stunting,1804,29000000,,2024-09-08,Penyelenggara Independen
GELAR TECH CHALLENGE DENPASAR,Tech & IT,Data Science,Aplikasi Layanan Publik,-3759,22000000,,2024-11-28,Kementerian Kominfo
Gelar Preneur Olympiad Jakarta,Bisnis & Ekonomi,Kewirausahaan,Keuangan Inklusif,1521,45000000,,2025-10-07,bank indonesia   
National Impact Fest 2025,Sosial & Lingkungan,Lingkungan Hidup,Aksi Tanggap Bencana,897,12000000,,2025-09-05,kitabisa   
National Preneur Olympiad 2026,Bisnis & Ekonomi,Fintech,Umum - Bisnis & Ekonomi,3941,15000000,,2025-09-05,Inkubator Bisnis Univ
PITCHING SUMMIT MAKASSAR 2024,Bisnis & Ekonomi,Fintech,Green Economy,2281,20000000,,2024-10-13,INKUBATOR BISNIS UNIV
NATIONAL MED INNO 2026,Kesehatan,Umum - Kesehatan,Umum - Kesehatan,1798,46000000,,2024-10-13,Kementerian Kesehatan RI
Datathon Pontianak 2025,Tech & IT,AI/Machine Learning,Aplikasi Layanan Publik,3270,11000000,,2025-09-06,Tech Community
National CodeFest 2026,Tech & IT,Software Development,Blockchain for Good,3773,36000000,,2026-04-13,Tech Community
National Gagasan Medis 2026,Kesehatan,Gizi dan Nutrisi,Telemedicine Inklusif,1725,36000000,,2026-11-16,Ikatan Dokter Indonesia
Health Challenge Batam 2024,Kesehatan,Kesehatan Mental,Telemedicine Inklusif,3032,29000000,,2024-06-17,Ikatan Dokter Indonesia
Tech Challenge Bali 2025,Tech & IT,Data Science,Data Privacy,1561,39000000,2025-03-18,2025-04-25,AWS Indonesia
Aksi Baik Bali 2025,Sosial & Lingkungan,Umum - Sosial & Lingkungan,Pengurangan Sampah Plastik,1877,37000000,,2025-08-02,WWF INDONESIA
National Datathon 2025,Tech & IT,UI/UX Design,Blockchain for Good,3307,23000000,,2025-05-23,tech community   
Gelar Venture Challenge Malang,Bisnis & Ekonomi,Pengembangan UMKM,Digitalisasi UMKM,2215,46000000,,2025-08-04,Inkubator Bisnis Univ
Business Case Yogyakarta 2024,Bisnis & Ekonomi,Fintech,Green Economy,2090,24000000,,2024-10-20,Kementerian Koperasi dan UKM
Festival Gagasan Medis Denpasar,Kesehatan,Teknologi Medis,Awareness Kesehatan Mental,-1995,29000000,,2025-05-07,Ikatan Dokter Indonesia
Kompetisi CodeFest Samarinda,Tech & IT,Cyber Security,Smart City,1626,29000000,,2026-08-02,Kementerian Kominfo
National Gagasan Medis 2026,Kesehatan,Gizi dan Nutrisi,Pencegahan Stunting,236,23000000,,2026-03-27,WHO Indonesia
Pitching Summit Pekanbaru 2024,Bisnis & Ekonomi,Fintech,Strategi Pemasaran Gen Z,454,12000000,,2024-04-19,INKUBATOR BISNIS UNIV
national preneur olympiad 2026   ,Bisnis & Ekonomi,Fintech,Ekonomi Sirkular,551,12000000,,2024-04-19,BCA
Festival Ideathon Balikpapan,Tech & IT,AI/Machine Learning,Blockchain for Good,550,35000000,,2025-03-27,Penyelenggara Independen
Business Case Nasional 2024,Bisnis & Ekonomi,Pengembangan UMKM,Digitalisasi UMKM,2090,27000000,,2024-05-09,bank indonesia   
Gelar Sociopreneur Samarinda,Sosial & Lingkungan,Pendidikan,Pengurangan Sampah Plastik,3805,9000000,,2026-11-20,Kementerian Sosial
Kompetisi Eco Summit Bali,Sosial & Lingkungan,Lingkungan Hidup,Pengurangan Sampah Plastik,1372,27000000,,2024-08-07,UNICEF Indonesia
impact fest malang 2026   ,Sosial & Lingkungan,Lingkungan Hidup,Energi Terbarukan,1921,9000000,,2024-08-07,Yayasan Ruangguru
national tech challenge 2026   ,Tech & IT,Software Development,Data Privacy,68,16000000,,2026-06-17,KEMENTERIAN KOMINFO
Impact Fest Medan 2026,Sosial & Lingkungan,Pemberdayaan Masyarakat,Pendidikan Daerah Terpelosok,2619,36000000,2026-02-27,2026-04-25,Kementerian Sosial
Kompetisi Venture Challenge Batam,Bisnis & Ekonomi,Business Plan,Green Economy,-1800,9000000,,2026-10-27,BANK INDONESIA
Venture Challenge Denpasar 2025,Bisnis & Ekonomi,Pengembangan UMKM,Ekonomi Sirkular,-1446,5000000,,2025-08-28,Bank Indonesia
NATIONAL PITCHING SUMMIT 2026,Lainnya,Pengembangan UMKM,Keuangan Inklusif,3268,31000000,,2026-04-17,Inkubator Bisnis Univ
National CodeFest 2025,Tech & IT,Umum - Tech & IT,Blockchain for Good,858,36000000,,2025-05-08,tech community   
National Med Inno 2024,Kesehatan,Gizi dan Nutrisi,Pencegahan Stunting,333,39000000,,2024-06-27,WHO Indonesia
national aksi sehat 2024   ,Kesehatan,Gizi dan Nutrisi,Pencegahan Stunting,1804,44000000,,2024-04-25,Ikatan Dokter Indonesia
aksi sehat balikpapan 2024   ,Kesehatan,Gizi dan Nutrisi,Awareness Kesehatan Mental,1970,49000000,,2024-07-07,Kementerian Kesehatan RI
Med Inno Palembang 2026,Kesehatan,Teknologi Medis,Inovasi Alat Medis,1804,15000000,,2026-07-09,Ikatan Dokter Indonesia
festival medical hackathon samarinda   ,Kesehatan,Gizi dan Nutrisi,Inovasi Alat Medis,3503,13000000,,2025-08-25,Yayasan Peduli Sehat
National Ideathon 2026,Tech & IT,Data Science,Generative AI,3448,29000000,,2026-05-02,Penyelenggara Independen
kompetisi devfest surabaya   ,Tech & IT,UI/UX Design,Smart City,623,29000000,2024-03-04,2024-05-09,GOOGLE DEVELOPER GROUP
Gelar Tech Challenge Bengkulu,Tech & IT,Data Science,Smart City,3741,32000000,,2026-11-01,google developer group   
National Aksi Sehat 2025,Kesehatan,Gizi dan Nutrisi,Telemedicine Inklusif,227,17000000,,2025-05-10,Ikatan Dokter Indonesia
Festival Aksi Sehat Makassar,Kesehatan,Gizi dan Nutrisi,Inovasi Alat Medis,3332,32000000,,2024-09-05,WHO Indonesia
DevFest Yogyakarta 2026,Tech & IT,Umum - Tech & IT,Generative AI,-2220,6000000,,2026-09-10,Kementerian Kominfo
National CodeFest 2024,Tech & IT,AI/Machine Learning,Generative AI,3629,29000000,2024-02-12,2024-03-23,Tech Community
Kompetisi Eco Summit Bandung,Sosial & Lingkungan,Lingkungan Hidup,Pendidikan Daerah Terpelosok,2236,30000000,,2024-07-09,KEMENTERIAN SOSIAL
National Relawan Challenge 2026,Sosial & Lingkungan,Pendidikan,Energi Terbarukan,3043,49000000,2026-07-21,2026-09-28,Kementerian Sosial
Startup Fest Malang 2024,Bisnis & Ekonomi,Umum - Bisnis & Ekonomi,Keuangan Inklusif,-811,43000000,,2024-11-04,bursa efek indonesia   
Festival Impact Fest Jakarta,Sosial & Lingkungan,Umum - Sosial & Lingkungan,Umum - Sosial & Lingkungan,3006,22000000,,2025-08-17,UNICEF Indonesia
Venture Challenge Padang 2024,Bisnis & Ekonomi,Pengembangan UMKM,Strategi Pemasaran Gen Z,2446,13000000,,2024-11-01,Bank Indonesia
National Hackathon 2026,Tech & IT,Cyber Security,Generative AI,3776,5000000,,2024-11-01,google developer group   
Venture Challenge Pontianak 2025,Bisnis & Ekonomi,Business Plan,Digitalisasi UMKM,1310,18000000,,2025-11-22,Bank Indonesia
Tech Challenge Makassar 2026,Tech & IT,AI/Machine Learning,Umum - Tech & IT,1526,18000000,,2026-05-10,Google Developer Group
Festival Eco Summit Nasional,Sosial & Lingkungan,Kemanusiaan,Aksi Tanggap Bencana,1277,25000000,,2024-06-09,Kitabisa
National Startup Fest 2026,Bisnis & Ekonomi,Pengembangan UMKM,Ekonomi Sirkular,1995,37000000,,2026-03-19,Bank Indonesia
National Health Challenge 2024,Kesehatan,Gizi dan Nutrisi,Awareness Kesehatan Mental,1817,9000000,,2024-09-24,Kementerian Kesehatan RI
National Eco Summit 2024,Sosial & Lingkungan,Pendidikan,Umum - Sosial & Lingkungan,3041,35000000,,2024-03-17,Kementerian Sosial
National Health Challenge 2025,Kesehatan,Teknologi Medis,Pencegahan Stunting,3150,29000000,,2025-05-25,Kementerian Kesehatan RI
FESTIVAL HEALTH CHALLENGE SEMARANG,Kesehatan,Teknologi Medis,Telemedicine Inklusif,1184,5000000,,2025-03-17,Ikatan Dokter Indonesia
Festival Tech Challenge Semarang,Tech & IT,Software Development,Generative AI,487,50000000,,2025-03-17,tech community   
Gelar Business Case Semarang,Bisnis & Ekonomi,Marketing,Ekonomi Sirkular,1941,29000000,,2025-11-19,bank indonesia   
kompetisi aksi sehat bengkulu   ,Kesehatan,Gizi dan Nutrisi,Awareness Kesehatan Mental,1224,32000000,,2026-05-03,KEMENTERIAN KESEHATAN RI
National Eco Summit 2026,Sosial & Lingkungan,Pendidikan,Aksi Tanggap Bencana,3445,29000000,2026-03-03,2026-04-07,kementerian sosial   
Festival Pitching Summit Yogyakarta,Bisnis & Ekonomi,Umum - Bisnis & Ekonomi,Ekonomi Sirkular,3213,18000000,,2026-08-30,bursa efek indonesia   
national business case 2025   ,Bisnis & Ekonomi,Umum - Bisnis & Ekonomi,Green Economy,2440,5000000,,2025-07-03,Bursa Efek Indonesia
gelar preneur olympiad bandung   ,Bisnis & Ekonomi,Fintech,Digitalisasi UMKM,3113,29000000,,2025-07-03,BCA
GAGASAN MEDIS BENGKULU 2025,Kesehatan,Kesehatan Masyarakat,Telemedicine Inklusif,385,21000000,,2025-07-04,YAYASAN PEDULI SEHAT
national med inno 2025   ,Kesehatan,Gizi dan Nutrisi,Pencegahan Stunting,-3698,13000000,2025-07-26,2025-07-04,WHO Indonesia
National Relawan Challenge 2024,Sosial & Lingkungan,Umum - Sosial & Lingkungan,Aksi Tanggap Bencana,1921,30000000,,2024-09-02,Yayasan Ruangguru
National Med Inno 2026,Kesehatan,Gizi dan Nutrisi,Telemedicine Inklusif,3740,37000000,2026-09-12,2026-12-06,ikatan dokter indonesia   
National Aksi Baik 2024,Sosial & Lingkungan,Umum - Sosial & Lingkungan,Energi Terbarukan,3625,15000000,,2024-08-13,Kementerian Sosial
Eco Summit Bandung 2024,Sosial & Lingkungan,Kemanusiaan,Umum - Sosial & Lingkungan,1209,9000000,,2024-11-17,WWF Indonesia
med inno samarinda 2026   ,Kesehatan,Kesehatan Mental,Awareness Kesehatan Mental,3857,16000000,,2026-04-06,Penyelenggara Independen
relawan challenge malang 2026   ,Sosial & Lingkungan,Kemanusiaan,Aksi Tanggap Bencana,-2500,49000000,,2026-09-07,YAYASAN RUANGGURU
Kompetisi Tech Challenge Denpasar,Tech & IT,Software Development,Smart City,156,8000000,,2025-05-22,AWS Indonesia
Kompetisi Impact Fest Semarang,Sosial & Lingkungan,Pendidikan,Energi Terbarukan,2570,30000000,,2026-10-29,Kitabisa
festival med inno pontianak   ,Kesehatan,Kesehatan Masyarakat,Umum - Kesehatan,3325,13000000,,2026-03-12,Ikatan Dokter Indonesia
national preneur olympiad 2025   ,Bisnis & Ekonomi,Fintech,Green Economy,984,33000000,,2025-04-24,Bursa Efek Indonesia
Business Case Jakarta 2024,Bisnis & Ekonomi,Business Plan,Green Economy,2763,34000000,2024-01-29,2024-02-15,Kementerian Koperasi dan UKM
Gelar Startup Fest Bali,Bisnis & Ekonomi,Umum - Bisnis & Ekonomi,Digitalisasi UMKM,3225,44000000,,2025-04-12,Bank Indonesia
national devfest 2025   ,Tech & IT,Umum - Tech & IT,Aplikasi Layanan Publik,3170,7000000,,2026-01-03,AWS Indonesia
Kompetisi Business Case Batam,Bisnis & Ekonomi,Marketing,Strategi Pemasaran Gen Z,976,15000000,,2025-06-25,Bursa Efek Indonesia
NATIONAL STARTUP FEST 2025,Bisnis & Ekonomi,Marketing,Keuangan Inklusif,2090,32000000,,2025-04-16,Bank Indonesia
National CodeFest 2024,Tech & IT,Cyber Security,Blockchain for Good,2305,9000000,,2024-08-16,KEMENTERIAN KOMINFO
national startup fest 2025   ,Bisnis & Ekonomi,Umum - Bisnis & Ekonomi,Digitalisasi UMKM,-3636,6000000,,2025-08-24,Bank Indonesia
National Sociopreneur 2025,Sosial & Lingkungan,Lingkungan Hidup,Pengurangan Sampah Plastik,1921,8000000,,2025-03-15,Yayasan Ruangguru
gelar aksi sehat jakarta   ,Kesehatan,Gizi dan Nutrisi,Awareness Kesehatan Mental,716,36000000,,2024-05-22,Yayasan Peduli Sehat
AKSI SEHAT MANADO 2025,Kesehatan,Kesehatan Mental,Awareness Kesehatan Mental,1804,29000000,,2025-11-29,who indonesia   
GAGASAN MEDIS PADANG 2025,Kesehatan,Kesehatan Masyarakat,Awareness Kesehatan Mental,2980,26000000,2025-09-18,2025-10-02,Ikatan Dokter Indonesia
Med Inno Yogyakarta 2026,Kesehatan,Kesehatan Masyarakat,Telemedicine Inklusif,3847,23000000,,2026-05-10,WHO INDONESIA
National Hackathon 2026,Tech & IT,Cyber Security,Generative AI,1626,5000000,,2026-11-28,Google Developer Group
Gagasan Medis Batam 2026,Kesehatan,Teknologi Medis,Awareness Kesehatan Mental,2739,45000000,,2026-09-15,IKATAN DOKTER INDONESIA
kompetisi datathon bengkulu   ,Tech & IT,UI/UX Design,Smart City,-869,16000000,,2025-04-25,Tech Community
KOMPETISI MED INNO BANDUNG,Kesehatan,Gizi dan Nutrisi,Awareness Kesehatan Mental,89,36000000,,2026-08-24,yayasan peduli sehat   
National Aksi Baik 2026,Sosial & Lingkungan,Lingkungan Hidup,Energi Terbarukan,2213,29000000,,2026-05-20,unicef indonesia   
Kompetisi Health Challenge Balikpapan,Kesehatan,Umum - Kesehatan,Inovasi Alat Medis,1854,45000000,,2024-10-23,Kementerian Kesehatan RI
Impact Fest Denpasar 2026,Sosial & Lingkungan,Kemanusiaan,Umum - Sosial & Lingkungan,463,28000000,,2026-02-03,UNICEF Indonesia
Kompetisi Medical Hackathon Surabaya,Kesehatan,Gizi dan Nutrisi,Telemedicine Inklusif,-1164,35000000,,2026-03-29,Kementerian Kesehatan RI
hackathon denpasar 2025   ,Tech & IT,Umum - Tech & IT,Generative AI,2358,29000000,,2025-04-06,Google Developer Group
Startup Fest Jakarta 2025,Bisnis & Ekonomi,Pengembangan UMKM,Digitalisasi UMKM,3273,10000000,,2026-01-01,bca   
Gelar Relawan Challenge Palembang,Sosial & Lingkungan,Kemanusiaan,Energi Terbarukan,820,33000000,,2024-12-05,UNICEF Indonesia
Eco Summit Nasional 2025,Sosial & Lingkungan,Lingkungan Hidup,Umum - Sosial & Lingkungan,1921,33000000,,2025-02-13,WWF Indonesia
Ideathon Pontianak 2026,Tech & IT,Cyber Security,Generative AI,542,44000000,,2026-03-24,tech community   
National Health Challenge 2024,Kesehatan,Gizi dan Nutrisi,Awareness Kesehatan Mental,3114,27000000,,2026-03-24,Ikatan Dokter Indonesia
GELAR VENTURE CHALLENGE PADANG,Bisnis & Ekonomi,Pengembangan UMKM,Green Economy,1577,7000000,,2025-05-03,Kementerian Koperasi dan UKM
Festival Aksi Sehat Medan,Kesehatan,Teknologi Medis,Inovasi Alat Medis,3845,38000000,,2026-08-10,Yayasan Peduli Sehat
National Preneur Olympiad 2024,Bisnis & Ekonomi,Kewirausahaan,Keuangan Inklusif,3155,36000000,,2024-08-26,BANK INDONESIA
National Eco Summit 2025,Sosial & Lingkungan,Pemberdayaan Masyarakat,Pengurangan Sampah Plastik,2149,31000000,,2025-06-22,Kementerian Sosial
IMPACT FEST MAKASSAR 2024,Sosial & Lingkungan,Pendidikan,Pengurangan Sampah Plastik,1219,48000000,,2024-01-21,wwf indonesia   
Aksi Baik Pontianak 2024,Sosial & Lingkungan,Lingkungan Hidup,Energi Terbarukan,1251,14000000,2024-07-29,2024-10-20,Penyelenggara Independen
KOMPETISI DEVFEST MEDAN,Tech & IT,Data Science,Umum - Tech & IT,3714,26000000,,2024-11-28,AWS INDONESIA
National Med Inno 2025,Kesehatan,Kesehatan Masyarakat,Inovasi Alat Medis,3465,49000000,,2025-08-07,Kementerian Kesehatan RI
Gelar Gagasan Medis Nasional,Kesehatan,Kesehatan Mental,Telemedicine Inklusif,2547,8000000,,2026-12-17,IKATAN DOKTER INDONESIA
Gelar Med Inno Bali,Kesehatan,Umum - Kesehatan,Pencegahan Stunting,1804,31000000,,2026-03-19,WHO Indonesia
Festival Sociopreneur Medan,Sosial & Lingkungan,Pendidikan,Aksi Tanggap Bencana,3263,11000000,,2026-04-01,UNICEF Indonesia
national aksi baik 2026   ,Sosial & Lingkungan,Lingkungan Hidup,Pengurangan Sampah Plastik,3927,49000000,,2026-12-10,Kitabisa
Hackathon Denpasar 2025,Tech & IT,Umum - Tech & IT,Data Privacy,1626,44000000,2025-06-14,2025-08-13,KEMENTERIAN KOMINFO
Kompetisi Pitching Summit Bandung,Bisnis & Ekonomi,Pengembangan UMKM,Ekonomi Sirkular,2982,42000000,,2024-09-23,Bank Indonesia
FESTIVAL CODEFEST MAKASSAR,Tech & IT,Cyber Security,Smart City,2429,13000000,,2024-09-30,Tech Community
FESTIVAL HEALTH CHALLENGE PONTIANAK,Kesehatan,Kesehatan Masyarakat,Telemedicine Inklusif,1804,47000000,,2024-08-01,Penyelenggara Independen
kompetisi sociopreneur semarang   ,Sosial & Lingkungan,Kemanusiaan,Pendidikan Daerah Terpelosok,894,28000000,,2026-11-20,kitabisa   
NATIONAL AKSI BAIK 2024,Sosial & Lingkungan,Pendidikan,Aksi Tanggap Bencana,206,38000000,,2024-06-13,Yayasan Ruangguru
National Ideathon 2026,Tech & IT,Data Science,Blockchain for Good,2618,19000000,,2026-08-25,AWS INDONESIA
Preneur Olympiad Palembang 2026,Bisnis & Ekonomi,Business Plan,Keuangan Inklusif,1082,34000000,,2026-08-25,BCA
Sociopreneur Bengkulu 2026,Sosial & Lingkungan,Pemberdayaan Masyarakat,Pendidikan Daerah Terpelosok,1847,10000000,,2026-11-01,UNICEF Indonesia
Kompetisi Impact Fest Semarang,Sosial & Lingkungan,Pendidikan,Energi Terbarukan,2570,30000000,,2026-10-29,KITABISA
NATIONAL IDEATHON 2025,Tech & IT,AI/Machine Learning,Aplikasi Layanan Publik,852,36000000,,2025-08-11,Penyelenggara Independen
Kompetisi Eco Summit Malang,Sosial & Lingkungan,Kemanusiaan,Energi Terbarukan,2405,40000000,,2024-09-21,UNICEF Indonesia
Gelar Preneur Olympiad Medan,Bisnis & Ekonomi,Pengembangan UMKM,Digitalisasi UMKM,2179,5000000,,2025-06-04,Inkubator Bisnis Univ
national med inno 2024   ,Kesehatan,Kesehatan Masyarakat,Telemedicine Inklusif,1821,12000000,,2024-09-26,Penyelenggara Independen
National Preneur Olympiad 2024,Bisnis & Ekonomi,Pengembangan UMKM,Green Economy,1147,21000000,,2024-05-14,Bank Indonesia
National Business Case 2025,Bisnis & Ekonomi,Marketing,Strategi Pemasaran Gen Z,2937,25000000,,2025-07-13,Bank Indonesia
GELAR DEVFEST PEKANBARU,Tech & IT,AI/Machine Learning,Generative AI,62,14000000,,2024-05-14,Google Developer Group
Kompetisi Hackathon Surabaya,Tech & IT,UI/UX Design,Data Privacy,1626,12000000,2026-02-28,2024-05-14,Google Developer Group
KOMPETISI DEVFEST MEDAN,Tech & IT,AI/Machine Learning,Aplikasi Layanan Publik,2514,38000000,,2024-02-14,PT Telkom Indonesia
GELAR SOCIOPRENEUR MANADO,Sosial & Lingkungan,Kemanusiaan,Pengurangan Sampah Plastik,3061,46000000,,2025-04-18,WWF Indonesia
National Impact Fest 2024,Sosial & Lingkungan,Pemberdayaan Masyarakat,Aksi Tanggap Bencana,-2659,30000000,,2024-07-08,WWF Indonesia
GELAR MED INNO BALIKPAPAN,Kesehatan,Kesehatan Masyarakat,Umum - Kesehatan,1188,21000000,,2024-06-02,Ikatan Dokter Indonesia
NATIONAL PRENEUR OLYMPIAD 2026,Bisnis & Ekonomi,Marketing,Green Economy,3376,36000000,,2026-10-21,Kementerian Koperasi dan UKM
Sociopreneur Malang 2024,Bisnis & Ekonomi,Kemanusiaan,Aksi Tanggap Bencana,-3521,9000000,,2025-01-02,Yayasan Ruangguru
festival startup fest bali   ,Bisnis & Ekonomi,Business Plan,Umum - Bisnis & Ekonomi,538,38000000,,2026-03-07,Bursa Efek Indonesia
Gagasan Medis Manado 2024,Kesehatan,Gizi dan Nutrisi,Pencegahan Stunting,296,9000000,,2024-09-10,Kementerian Kesehatan RI
National Sociopreneur 2025,Sosial & Lingkungan,Umum - Sosial & Lingkungan,Energi Terbarukan,3049,6000000,,2025-06-24,UNICEF INDONESIA
National Aksi Baik 2024,Sosial & Lingkungan,Kemanusiaan,Energi Terbarukan,-1991,31000000,,2024-04-07,WWF Indonesia
National Relawan Challenge 2024,Sosial & Lingkungan,Pemberdayaan Masyarakat,Energi Terbarukan,3533,20000000,2024-01-24,2024-03-21,yayasan ruangguru   
National Business Case 2024,Bisnis & Ekonomi,Pengembangan UMKM,Digitalisasi UMKM,3593,49000000,,2024-05-13,BANK INDONESIA
National Venture Challenge 2024,Bisnis & Ekonomi,Business Plan,Keuangan Inklusif,2084,29000000,2024-07-21,2024-09-24,Inkubator Bisnis Univ
National Aksi Baik 2025,Sosial & Lingkungan,Kemanusiaan,Aksi Tanggap Bencana,3820,27000000,,2025-06-05,Kementerian Sosial
National DevFest 2025,Tech & IT,UI/UX Design,Smart City,2018,28000000,,2025-02-17,Google Developer Group
Kompetisi Eco Summit Yogyakarta,Sosial & Lingkungan,Kemanusiaan,Energi Terbarukan,1921,42000000,,2024-09-28,Yayasan Ruangguru
festival hackathon malang   ,Tech & IT,Data Science,Aplikasi Layanan Publik,1718,25000000,,2026-05-11,pt telkom indonesia   
gelar business case samarinda   ,Bisnis & Ekonomi,Business Plan,Umum - Bisnis & Ekonomi,2090,40000000,,2025-09-18,Inkubator Bisnis Univ
Aksi Baik Padang 2024,Sosial & Lingkungan,Kemanusiaan,Pendidikan Daerah Terpelosok,-820,10000000,,2024-09-11,WWF Indonesia
tech challenge batam 2024   ,Tech & IT,Data Science,Generative AI,1626,27000000,,2024-09-17,Google Developer Group
gagasan medis batam 2026   ,Kesehatan,Kesehatan Mental,Telemedicine Inklusif,1185,33000000,,2026-03-18,WHO Indonesia
Gelar Venture Challenge Padang,Bisnis & Ekonomi,Pengembangan UMKM,Digitalisasi UMKM,3124,36000000,,2025-12-01,Penyelenggara Independen
NATIONAL RELAWAN CHALLENGE 2024,Sosial & Lingkungan,Kemanusiaan,Aksi Tanggap Bencana,1449,6000000,,2024-12-16,Kementerian Sosial
Kompetisi Datathon Surabaya,Tech & IT,Software Development,Umum - Tech & IT,3835,21000000,,2025-11-21,Google Developer Group
BUSINESS CASE DENPASAR 2026,Bisnis & Ekonomi,Fintech,Umum - Bisnis & Ekonomi,2090,42000000,,2026-11-10,BANK INDONESIA
Gelar Preneur Olympiad Samarinda,Bisnis & Ekonomi,Business Plan,Strategi Pemasaran Gen Z,2090,29000000,,2026-10-02,Kementerian Koperasi dan UKM
kompetisi relawan challenge batam   ,Sosial & Lingkungan,Pemberdayaan Masyarakat,Pengurangan Sampah Plastik,630,36000000,,2026-05-25,WWF Indonesia
National Tech Challenge 2026,Tech & IT,Umum - Tech & IT,Data Privacy,1626,40000000,,2026-11-05,PT Telkom Indonesia
FESTIVAL MEDICAL HACKATHON BALI,Kesehatan,Kesehatan Mental,Telemedicine Inklusif,-1023,43000000,,2025-11-25,WHO INDONESIA
gelar startup fest batam   ,Bisnis & Ekonomi,Umum - Bisnis & Ekonomi,Digitalisasi UMKM,3009,18000000,,2026-04-26,Bank Indonesia
Gelar CodeFest Manado,Tech & IT,Data Science,Smart City,2693,27000000,,2024-07-24,KEMENTERIAN KOMINFO
Preneur Olympiad Denpasar 2024,Bisnis & Ekonomi,Pengembangan UMKM,Ekonomi Sirkular,492,27000000,,2024-08-01,Bursa Efek Indonesia
NATIONAL STARTUP FEST 2025,Bisnis & Ekonomi,Marketing,Ekonomi Sirkular,2551,41000000,,2025-01-25,Kementerian Koperasi dan UKM
IDEATHON JAKARTA 2024,Tech & IT,Software Development,Data Privacy,1626,12000000,,2024-05-19,AWS INDONESIA
med inno medan 2024   ,Kesehatan,Kesehatan Masyarakat,Umum - Kesehatan,3796,41000000,,2024-06-21,kementerian kesehatan ri   
Medical Hackathon Malang 2026,Kesehatan,Kesehatan Mental,Telemedicine Inklusif,1524,37000000,,2026-10-20,Kementerian Kesehatan RI
GELAR DEVFEST PEKANBARU,Tech & IT,AI/Machine Learning,Generative AI,62,29000000,,2024-05-14,Google Developer Group
tech challenge palembang 2026   ,Tech & IT,Umum - Tech & IT,Generative AI,1980,40000000,,2026-09-22,Penyelenggara Independen
national startup fest 2024   ,Bisnis & Ekonomi,Umum - Bisnis & Ekonomi,Digitalisasi UMKM,2090,48000000,,2024-12-13,INKUBATOR BISNIS UNIV
national gagasan medis 2026   ,Kesehatan,Kesehatan Masyarakat,Pencegahan Stunting,1804,19000000,,2026-11-05,WHO Indonesia
Aksi Sehat Padang 2024,Kesehatan,Teknologi Medis,Umum - Kesehatan,3870,17000000,,2024-11-05,Yayasan Peduli Sehat
Relawan Challenge Batam 2024,Sosial & Lingkungan,Lingkungan Hidup,Pengurangan Sampah Plastik,1921,33000000,,2024-11-05,Penyelenggara Independen
Kompetisi Preneur Olympiad Nasional,Bisnis & Ekonomi,Kewirausahaan,Umum - Bisnis & Ekonomi,2090,29000000,,2024-12-30,Kementerian Koperasi dan UKM
Medical Hackathon Malang 2024,Kesehatan,Umum - Kesehatan,Awareness Kesehatan Mental,1076,5000000,,2024-10-27,Ikatan Dokter Indonesia
Festival Eco Summit Malang,Sosial & Lingkungan,Lingkungan Hidup,Energi Terbarukan,2220,18000000,,2024-10-24,Kitabisa
National Aksi Baik 2026,Sosial & Lingkungan,Lingkungan Hidup,Umum - Sosial & Lingkungan,2081,20000000,2026-05-16,2026-06-17,kitabisa   
Gelar Datathon Malang,Tech & IT,Software Development,Blockchain for Good,2599,43000000,,2026-11-08,PT Telkom Indonesia
FESTIVAL GAGASAN MEDIS PALEMBANG,Kesehatan,Kesehatan Masyarakat,Pencegahan Stunting,-934,28000000,,2024-11-09,YAYASAN PEDULI SEHAT
national sociopreneur 2026   ,Sosial & Lingkungan,Pemberdayaan Masyarakat,Pendidikan Daerah Terpelosok,3343,40000000,,2024-11-09,UNICEF Indonesia
gelar ideathon bali   ,Tech & IT,Data Science,Aplikasi Layanan Publik,2706,31000000,2024-02-23,2024-04-10,Google Developer Group
festival tech challenge medan   ,Tech & IT,Data Science,Blockchain for Good,1026,48000000,,2025-06-24,PT Telkom Indonesia
NATIONAL VENTURE CHALLENGE 2024,Bisnis & Ekonomi,Kewirausahaan,Green Economy,2233,30000000,,2024-10-13,Bank Indonesia
DATATHON BENGKULU 2024,Tech & IT,Data Science,Blockchain for Good,1247,9000000,,2024-11-23,Tech Community
national ideathon 2026   ,Tech & IT,Software Development,Data Privacy,1451,48000000,,2024-11-23,Penyelenggara Independen
tech challenge nasional 2026   ,Tech & IT,UI/UX Design,Smart City,988,37000000,,2026-03-27,Kementerian Kominfo
National Eco Summit 2025,Sosial & Lingkungan,Pemberdayaan Masyarakat,Aksi Tanggap Bencana,2789,44000000,,2025-10-07,Yayasan Ruangguru
Health Challenge Medan 2026,Kesehatan,Kesehatan Masyarakat,Awareness Kesehatan Mental,3284,19000000,,2026-11-28,Penyelenggara Independen
kompetisi medical hackathon yogyakarta   ,Kesehatan,Kesehatan Masyarakat,Inovasi Alat Medis,1676,29000000,,2024-06-09,kementerian kesehatan ri   
FESTIVAL HACKATHON MEDAN,Tech & IT,Cyber Security,Blockchain for Good,2094,16000000,,2026-07-05,PT Telkom Indonesia
Festival Ideathon Medan,Tech & IT,Data Science,Smart City,1626,32000000,,2025-12-04,Kementerian Kominfo
Med Inno Balikpapan 2025,Kesehatan,Kesehatan Masyarakat,Telemedicine Inklusif,2991,45000000,,2025-03-04,who indonesia   
Gelar Relawan Challenge Batam,Sosial & Lingkungan,Lingkungan Hidup,Energi Terbarukan,590,19000000,,2025-09-17,YAYASAN RUANGGURU
Ideathon Samarinda 2026,Tech & IT,Data Science,Data Privacy,2089,37000000,,2026-08-01,PT Telkom Indonesia
Tech Challenge Bali 2024,Tech & IT,Cyber Security,Generative AI,-1735,6000000,,2024-04-24,AWS Indonesia
Gelar Health Challenge Palembang,Kesehatan,Kesehatan Masyarakat,Pencegahan Stunting,1804,32000000,,2025-08-02,IKATAN DOKTER INDONESIA
KOMPETISI STARTUP FEST MEDAN,Bisnis & Ekonomi,Marketing,Green Economy,351,19000000,,2024-11-28,Inkubator Bisnis Univ
Kompetisi Datathon Bali,Tech & IT,Cyber Security,Generative AI,3307,26000000,,2025-04-25,AWS Indonesia
KOMPETISI SOCIOPRENEUR BENGKULU,Sosial & Lingkungan,Pemberdayaan Masyarakat,Aksi Tanggap Bencana,-1941,13000000,,2025-11-29,Yayasan Ruangguru
National Aksi Baik 2025,Sosial & Lingkungan,Kemanusiaan,Energi Terbarukan,154,22000000,,2025-05-02,UNICEF INDONESIA
National Medical Hackathon 2024,Kesehatan,Kesehatan Mental,Pencegahan Stunting,78,8000000,2024-06-13,2024-07-07,Kementerian Kesehatan RI
National Relawan Challenge 2025,Sosial & Lingkungan,Pemberdayaan Masyarakat,Pendidikan Daerah Terpelosok,948,45000000,,2025-07-24,Kementerian Sosial
Relawan Challenge Balikpapan 2025,Sosial & Lingkungan,Kemanusiaan,Umum - Sosial & Lingkungan,3155,19000000,,2025-05-08,WWF Indonesia
startup fest bengkulu 2026   ,Bisnis & Ekonomi,Pengembangan UMKM,Ekonomi Sirkular,2244,26000000,,2026-06-16,Kementerian Koperasi dan UKM
Business Case Balikpapan 2026,Bisnis & Ekonomi,Pengembangan UMKM,Digitalisasi UMKM,3142,29000000,,2026-11-06,BANK INDONESIA
Festival Med Inno Nasional,Kesehatan,Gizi dan Nutrisi,Inovasi Alat Medis,1223,41000000,,2026-07-16,WHO Indonesia
National Aksi Baik 2026,Sosial & Lingkungan,Lingkungan Hidup,Pendidikan Daerah Terpelosok,3775,27000000,,2026-06-28,UNICEF Indonesia
national aksi baik 2026   ,Sosial & Lingkungan,Lingkungan Hidup,Pendidikan Daerah Terpelosok,3775,27000000,,2026-06-28,unicef indonesia   
Festival Gagasan Medis Pekanbaru,Kesehatan,Kesehatan Mental,Pencegahan Stunting,1311,14000000,,2026-04-15,Yayasan Peduli Sehat
National Ideathon 2024,Tech & IT,AI/Machine Learning,Generative AI,416,18000000,,2024-03-13,Tech Community
National Ideathon 2026,Tech & IT,Data Science,Generative AI,3448,34000000,,2024-03-13,TECH COMMUNITY
Pitching Summit Surabaya 2024,Bisnis & Ekonomi,Kewirausahaan,Ekonomi Sirkular,3478,35000000,,2024-03-13,Penyelenggara Independen
IDEATHON PONTIANAK 2026,Tech & IT,Cyber Security,Generative AI,-542,44000000,,2026-03-24,tech community   
NATIONAL TECH CHALLENGE 2024,Tech & IT,UI/UX Design,Data Privacy,344,39000000,,2024-06-11,Penyelenggara Independen
STARTUP FEST BATAM 2025,Bisnis & Ekonomi,Marketing,Ekonomi Sirkular,2090,27000000,,2025-08-25,BANK INDONESIA
Kompetisi Startup Fest Nasional,Bisnis & Ekonomi,Marketing,Umum - Bisnis & Ekonomi,2161,31000000,,2024-11-18,Inkubator Bisnis Univ
National Relawan Challenge 2024,Sosial & Lingkungan,Kemanusiaan,Pendidikan Daerah Terpelosok,3207,16000000,,2024-11-03,KEMENTERIAN SOSIAL
Eco Summit Semarang 2026,Sosial & Lingkungan,Lingkungan Hidup,Energi Terbarukan,2754,26000000,,2026-09-03,wwf indonesia   
National Startup Fest 2024,Bisnis & Ekonomi,Marketing,Keuangan Inklusif,682,26000000,,2024-08-17,BCA
festival business case jakarta   ,Lainnya,Fintech,Green Economy,3119,21000000,,2024-08-17,Bank Indonesia
FESTIVAL MEDICAL HACKATHON PALEMBANG,Kesehatan,Gizi dan Nutrisi,Awareness Kesehatan Mental,706,9000000,,2024-03-02,Yayasan Peduli Sehat
national startup fest 2025   ,Bisnis & Ekonomi,Pengembangan UMKM,Green Economy,673,49000000,,2025-04-09,Bank Indonesia
Kompetisi Preneur Olympiad Bali,Bisnis & Ekonomi,Pengembangan UMKM,Strategi Pemasaran Gen Z,1584,50000000,,2026-05-10,bursa efek indonesia   
National Aksi Baik 2026,Sosial & Lingkungan,Pemberdayaan Masyarakat,Energi Terbarukan,1219,21000000,,2026-12-26,Kitabisa
National Tech Challenge 2025,Tech & IT,AI/Machine Learning,Aplikasi Layanan Publik,1733,36000000,,2025-03-17,PT Telkom Indonesia
KOMPETISI MEDICAL HACKATHON PONTIANAK,Kesehatan,Teknologi Medis,Pencegahan Stunting,3306,42000000,,2026-05-11,WHO INDONESIA
Aksi Sehat Malang 2024,Kesehatan,Teknologi Medis,Pencegahan Stunting,223,35000000,,2024-10-01,Ikatan Dokter Indonesia
PITCHING SUMMIT PONTIANAK 2025,Bisnis & Ekonomi,Umum - Bisnis & Ekonomi,Digitalisasi UMKM,3751,33000000,2025-06-28,2025-08-14,Kementerian Koperasi dan UKM
Kompetisi Aksi Sehat Batam,Kesehatan,Gizi dan Nutrisi,Pencegahan Stunting,-315,36000000,,2026-02-22,Ikatan Dokter Indonesia
National Aksi Sehat 2024,Kesehatan,Umum - Kesehatan,Pencegahan Stunting,2664,34000000,,2024-04-30,Ikatan Dokter Indonesia
Festival Medical Hackathon Pekanbaru,Kesehatan,Kesehatan Masyarakat,Telemedicine Inklusif,676,34000000,,2026-09-25,Ikatan Dokter Indonesia
NATIONAL CODEFEST 2024,Tech & IT,Software Development,Generative AI,117,16000000,2024-07-04,2024-08-25,Kementerian Kominfo
NATIONAL DEVFEST 2025,Tech & IT,Data Science,Data Privacy,2121,33000000,,2025-10-15,Google Developer Group
National Relawan Challenge 2024,Sosial & Lingkungan,Pemberdayaan Masyarakat,Pengurangan Sampah Plastik,801,29000000,,2024-07-08,Kitabisa
National Startup Fest 2024,Bisnis & Ekonomi,Business Plan,Green Economy,623,50000000,,2024-11-03,BANK INDONESIA
Health Challenge Palembang 2025,Kesehatan,Teknologi Medis,Inovasi Alat Medis,849,28000000,,2024-11-03,Kementerian Kesehatan RI
Aksi Baik Makassar 2024,Sosial & Lingkungan,Pendidikan,Aksi Tanggap Bencana,3749,46000000,2024-09-04,2024-10-09,Penyelenggara Independen
kompetisi codefest samarinda   ,Tech & IT,Data Science,Generative AI,1160,42000000,,2026-10-26,Tech Community
National Medical Hackathon 2024,Kesehatan,Kesehatan Mental,Awareness Kesehatan Mental,1804,6000000,,2024-08-04,ikatan dokter indonesia   
FESTIVAL AKSI BAIK NASIONAL,Sosial & Lingkungan,Lingkungan Hidup,Aksi Tanggap Bencana,-2884,37000000,,2025-07-04,Kitabisa
Preneur Olympiad Bengkulu 2026,Bisnis & Ekonomi,Marketing,Strategi Pemasaran Gen Z,2090,29000000,,2026-02-27,Bank Indonesia
CodeFest Padang 2025,Tech & IT,Software Development,Aplikasi Layanan Publik,1728,6000000,,2025-03-06,kementerian kominfo   
gelar startup fest bengkulu   ,Bisnis & Ekonomi,Kewirausahaan,Digitalisasi UMKM,2090,29000000,,2025-03-06,Kementerian Koperasi dan UKM
Aksi Sehat Denpasar 2026,Kesehatan,Kesehatan Mental,Pencegahan Stunting,2729,37000000,,2026-09-10,Yayasan Peduli Sehat
Gelar Impact Fest Semarang,Sosial & Lingkungan,Pemberdayaan Masyarakat,Pengurangan Sampah Plastik,3369,13000000,,2026-09-10,YAYASAN RUANGGURU
National Startup Fest 2024,Bisnis & Ekonomi,Pengembangan UMKM,Digitalisasi UMKM,3757,49000000,,2025-01-04,Kementerian Koperasi dan UKM
Hackathon Pontianak 2026,Tech & IT,Cyber Security,Smart City,2973,23000000,,2026-11-27,Tech Community
Med Inno Balikpapan 2024,Kesehatan,Gizi dan Nutrisi,Telemedicine Inklusif,1804,11000000,,2024-06-03,WHO Indonesia
Kompetisi Impact Fest Jakarta,Sosial & Lingkungan,Pemberdayaan Masyarakat,Pengurangan Sampah Plastik,1921,26000000,,2026-04-23,WWF Indonesia
festival sociopreneur pekanbaru   ,Sosial & Lingkungan,Pemberdayaan Masyarakat,Pendidikan Daerah Terpelosok,1921,11000000,,2024-03-26,Penyelenggara Independen
Kompetisi Aksi Sehat Padang,Kesehatan,Teknologi Medis,Telemedicine Inklusif,1892,20000000,,2025-08-09,KEMENTERIAN KESEHATAN RI
Med Inno Balikpapan 2026,Kesehatan,Teknologi Medis,Inovasi Alat Medis,1496,33000000,,2026-04-30,Ikatan Dokter Indonesia
Gelar Aksi Sehat Manado,Kesehatan,Kesehatan Masyarakat,Telemedicine Inklusif,-259,40000000,,2025-06-10,yayasan peduli sehat   
Med Inno Surabaya 2024,Kesehatan,Kesehatan Masyarakat,Telemedicine Inklusif,2125,48000000,,2025-06-10,Ikatan Dokter Indonesia
Gelar Hackathon Malang,Tech & IT,UI/UX Design,Aplikasi Layanan Publik,1629,48000000,,2024-11-01,Kementerian Kominfo
Med Inno Bali 2026,Kesehatan,Teknologi Medis,Inovasi Alat Medis,-3833,30000000,,2026-03-28,Kementerian Kesehatan RI
national startup fest 2026   ,Bisnis & Ekonomi,Fintech,Digitalisasi UMKM,1896,26000000,,2026-04-08,BANK INDONESIA
Preneur Olympiad Denpasar 2025,Bisnis & Ekonomi,Pengembangan UMKM,Keuangan Inklusif,2090,42000000,,2025-11-28,Bursa Efek Indonesia
Festival Tech Challenge Semarang,Tech & IT,Software Development,Generative AI,2313,28000000,,2024-04-10,PT Telkom Indonesia
Pitching Summit Makassar 2026,Bisnis & Ekonomi,Kewirausahaan,Digitalisasi UMKM,1133,12000000,,2026-05-19,BCA
National Preneur Olympiad 2026,Bisnis & Ekonomi,Umum - Bisnis & Ekonomi,Digitalisasi UMKM,2090,47000000,,2026-10-02,BCA
festival eco summit yogyakarta   ,Sosial & Lingkungan,Pemberdayaan Masyarakat,Pendidikan Daerah Terpelosok,112,35000000,,2026-11-04,WWF INDONESIA
Gelar Business Case Manado,Bisnis & Ekonomi,Kewirausahaan,Green Economy,3175,22000000,,2025-09-28,BCA
Kompetisi Business Case Balikpapan,Bisnis & Ekonomi,Marketing,Green Economy,2528,35000000,,2025-11-13,Bursa Efek Indonesia
Festival Aksi Sehat Denpasar,Kesehatan,Teknologi Medis,Telemedicine Inklusif,3559,44000000,,2025-11-15,WHO Indonesia
National Aksi Sehat 2024,Kesehatan,Kesehatan Masyarakat,Telemedicine Inklusif,1804,37000000,,2024-12-10,Ikatan Dokter Indonesia
preneur olympiad semarang 2024   ,Bisnis & Ekonomi,Business Plan,Ekonomi Sirkular,1166,45000000,,2024-10-30,bursa efek indonesia   
national datathon 2026   ,Tech & IT,Cyber Security,Generative AI,1626,29000000,,2026-06-02,AWS Indonesia
Festival Medical Hackathon Pekanbaru,Kesehatan,Kesehatan Masyarakat,Telemedicine Inklusif,1804,34000000,,2026-09-25,IKATAN DOKTER INDONESIA
Relawan Challenge Pontianak 2024,Sosial & Lingkungan,Kemanusiaan,Aksi Tanggap Bencana,-3183,45000000,2024-06-26,2024-09-10,UNICEF Indonesia
Gelar Pitching Summit Malang,Bisnis & Ekonomi,Fintech,Strategi Pemasaran Gen Z,386,29000000,,2025-07-15,bank indonesia   
Kompetisi Medical Hackathon Padang,Kesehatan,Teknologi Medis,Pencegahan Stunting,925,23000000,,2025-07-15,Kementerian Kesehatan RI
Kompetisi Relawan Challenge Denpasar,Sosial & Lingkungan,Umum - Sosial & Lingkungan,Pendidikan Daerah Terpelosok,2385,39000000,,2025-08-18,KITABISA
Health Challenge Medan 2026,Kesehatan,Umum - Kesehatan,Awareness Kesehatan Mental,3284,29000000,2026-09-12,2026-11-28,WHO Indonesia
Kompetisi Startup Fest Manado,Bisnis & Ekonomi,Marketing,Ekonomi Sirkular,2447,44000000,,2024-11-18,BCA
Eco Summit Palembang 2024,Sosial & Lingkungan,Lingkungan Hidup,Aksi Tanggap Bencana,-1111,12000000,,2024-05-09,WWF Indonesia
Kompetisi Medical Hackathon Jakarta,Kesehatan,Kesehatan Masyarakat,Pencegahan Stunting,1625,29000000,,2025-12-29,Kementerian Kesehatan RI
Gelar Aksi Baik Makassar,Sosial & Lingkungan,Lingkungan Hidup,Energi Terbarukan,1719,29000000,,2025-10-01,WWF Indonesia
Pitching Summit Palembang 2025,Bisnis & Ekonomi,Kewirausahaan,Strategi Pemasaran Gen Z,213,32000000,,2025-02-19,bank indonesia   
Medical Hackathon Manado 2025,Kesehatan,Teknologi Medis,Telemedicine Inklusif,2957,25000000,,2025-05-05,WHO Indonesia
gelar codefest balikpapan   ,Tech & IT,UI/UX Design,Generative AI,2631,49000000,,2026-01-30,Kementerian Kominfo
venture challenge bali 2026   ,Bisnis & Ekonomi,Marketing,Ekonomi Sirkular,1784,16000000,,2026-09-04,Penyelenggara Independen
relawan challenge batam 2025   ,Sosial & Lingkungan,Pendidikan,Aksi Tanggap Bencana,3253,45000000,,2025-07-01,KITABISA
Festival DevFest Medan,Tech & IT,AI/Machine Learning,Blockchain for Good,104,36000000,,2024-04-26,Kementerian Kominfo
Gelar Datathon Yogyakarta,Tech & IT,AI/Machine Learning,Smart City,3813,29000000,,2026-11-15,Google Developer Group
National Health Challenge 2024,Kesehatan,Umum - Kesehatan,Pencegahan Stunting,294,5000000,,2024-11-10,WHO INDONESIA
KOMPETISI VENTURE CHALLENGE BALIKPAPAN,Bisnis & Ekonomi,Pengembangan UMKM,Keuangan Inklusif,249,10000000,,2024-12-08,Bursa Efek Indonesia
National Relawan Challenge 2026,Sosial & Lingkungan,Kemanusiaan,Energi Terbarukan,876,29000000,,2026-10-08,wwf indonesia   
Kompetisi Preneur Olympiad Batam,Bisnis & Ekonomi,Pengembangan UMKM,Umum - Bisnis & Ekonomi,786,20000000,,2026-04-15,BCA
Med Inno Yogyakarta 2026,Kesehatan,Kesehatan Masyarakat,Telemedicine Inklusif,3847,23000000,,2026-05-10,WHO INDONESIA
Gelar Medical Hackathon Batam,Kesehatan,Kesehatan Masyarakat,Awareness Kesehatan Mental,864,29000000,,2026-07-14,who indonesia   
Kompetisi Aksi Sehat Manado,Kesehatan,Kesehatan Mental,Pencegahan Stunting,2166,46000000,2025-03-27,2025-04-30,Yayasan Peduli Sehat
Gelar Aksi Sehat Manado,Kesehatan,Umum - Kesehatan,Awareness Kesehatan Mental,1742,46000000,,2025-04-30,yayasan peduli sehat   
NATIONAL GAGASAN MEDIS 2026,Kesehatan,Teknologi Medis,Telemedicine Inklusif,482,7000000,,2026-04-25,WHO Indonesia
National DevFest 2024,Tech & IT,Umum - Tech & IT,Umum - Tech & IT,450,29000000,,2024-05-20,AWS Indonesia
Festival Business Case Padang,Bisnis & Ekonomi,Pengembangan UMKM,Digitalisasi UMKM,3844,37000000,,2024-05-20,Inkubator Bisnis Univ
National Impact Fest 2024,Sosial & Lingkungan,Kemanusiaan,Aksi Tanggap Bencana,2251,39000000,,2024-05-17,Kitabisa
National Health Challenge 2025,Kesehatan,Gizi dan Nutrisi,Inovasi Alat Medis,619,29000000,,2025-05-28,IKATAN DOKTER INDONESIA
sociopreneur samarinda 2025   ,Sosial & Lingkungan,Lingkungan Hidup,Aksi Tanggap Bencana,1921,29000000,,2025-12-21,Penyelenggara Independen
DEVFEST DENPASAR 2024,Tech & IT,Cyber Security,Data Privacy,571,45000000,,2024-08-19,tech community   
NATIONAL GAGASAN MEDIS 2025,Kesehatan,Kesehatan Masyarakat,Awareness Kesehatan Mental,3895,30000000,2025-07-18,2025-08-12,WHO Indonesia
Gelar Preneur Olympiad Semarang,Bisnis & Ekonomi,Pengembangan UMKM,Ekonomi Sirkular,729,8000000,,2026-03-01,KEMENTERIAN KOPERASI DAN UKM
IDEATHON YOGYAKARTA 2025,Tech & IT,Software Development,Smart City,1360,38000000,,2025-08-14,Kementerian Kominfo
National Business Case 2025,Lainnya,Marketing,Strategi Pemasaran Gen Z,3567,45000000,,2025-08-14,Kementerian Koperasi dan UKM
Gagasan Medis Pekanbaru 2026,Kesehatan,Kesehatan Masyarakat,Inovasi Alat Medis,2881,29000000,,2026-09-15,Ikatan Dokter Indonesia
National Tech Challenge 2025,Tech & IT,Software Development,Generative AI,1135,24000000,,2025-07-22,Google Developer Group
med inno surabaya 2026   ,Kesehatan,Kesehatan Mental,Pencegahan Stunting,2144,13000000,,2026-09-22,Ikatan Dokter Indonesia
Kompetisi Aksi Baik Yogyakarta,Sosial & Lingkungan,Pendidikan,Aksi Tanggap Bencana,-2910,36000000,,2024-06-29,Kitabisa
Kompetisi Gagasan Medis Manado,Kesehatan,Teknologi Medis,Awareness Kesehatan Mental,183,27000000,,2024-04-02,Ikatan Dokter Indonesia
national relawan challenge 2024   ,Sosial & Lingkungan,Pemberdayaan Masyarakat,Aksi Tanggap Bencana,1921,17000000,,2024-07-16,WWF Indonesia
Festival Sociopreneur Samarinda,Sosial & Lingkungan,Pendidikan,Pengurangan Sampah Plastik,902,6000000,,2026-04-02,KITABISA
kompetisi venture challenge pontianak   ,Bisnis & Ekonomi,Pengembangan UMKM,Green Economy,3809,45000000,,2026-06-27,bursa efek indonesia   
Sociopreneur Balikpapan 2026,Sosial & Lingkungan,Pemberdayaan Masyarakat,Pengurangan Sampah Plastik,1884,18000000,,2026-08-18,wwf indonesia   
Preneur Olympiad Bali 2026,Bisnis & Ekonomi,Umum - Bisnis & Ekonomi,Digitalisasi UMKM,554,6000000,,2026-10-26,Bank Indonesia
KOMPETISI PRENEUR OLYMPIAD PONTIANAK,Bisnis & Ekonomi,Kewirausahaan,Strategi Pemasaran Gen Z,3414,50000000,2024-09-06,2024-11-11,BCA
Gelar Hackathon Malang,Tech & IT,UI/UX Design,Aplikasi Layanan Publik,1629,48000000,,2024-11-01,Kementerian Kominfo
Festival Venture Challenge Manado,Bisnis & Ekonomi,Pengembangan UMKM,Keuangan Inklusif,193,20000000,,2024-08-26,BCA
national pitching summit 2024   ,Bisnis & Ekonomi,Pengembangan UMKM,Strategi Pemasaran Gen Z,2090,25000000,,2024-09-12,BCA
national devfest 2025   ,Tech & IT,Software Development,Aplikasi Layanan Publik,749,44000000,,2025-08-04,tech community   
Gelar Medical Hackathon Nasional,Kesehatan,Kesehatan Mental,Pencegahan Stunting,3553,45000000,,2025-11-12,Ikatan Dokter Indonesia
National Aksi Baik 2026,Sosial & Lingkungan,Pemberdayaan Masyarakat,Umum - Sosial & Lingkungan,2116,9000000,2026-04-28,2026-07-06,Penyelenggara Independen
Kompetisi CodeFest Samarinda,Tech & IT,Data Science,Generative AI,-1160,42000000,,2026-10-26,Tech Community
Gagasan Medis Jakarta 2026,Kesehatan,Teknologi Medis,Awareness Kesehatan Mental,-1587,44000000,,2026-07-26,Yayasan Peduli Sehat
NATIONAL PITCHING SUMMIT 2026,Bisnis & Ekonomi,Kewirausahaan,Ekonomi Sirkular,3883,29000000,,2026-09-05,INKUBATOR BISNIS UNIV
NATIONAL TECH CHALLENGE 2026,Tech & IT,Data Science,Smart City,1626,9000000,,2026-04-05,Kementerian Kominfo
Kompetisi Preneur Olympiad Nasional,Bisnis & Ekonomi,Kewirausahaan,Strategi Pemasaran Gen Z,2030,21000000,,2024-09-20,Bank Indonesia
Pitching Summit Bali 2024,Bisnis & Ekonomi,Kewirausahaan,Umum - Bisnis & Ekonomi,-641,39000000,,2024-07-29,Penyelenggara Independen
GELAR IDEATHON PEKANBARU,Tech & IT,AI/Machine Learning,Smart City,3196,31000000,,2024-07-29,Google Developer Group
Kompetisi Pitching Summit Pekanbaru,Bisnis & Ekonomi,Fintech,Green Economy,2090,42000000,,2024-11-06,KEMENTERIAN KOPERASI DAN UKM
Festival Health Challenge Balikpapan,Kesehatan,Teknologi Medis,Telemedicine Inklusif,2298,43000000,2026-01-31,2026-04-11,Ikatan Dokter Indonesia
kompetisi devfest surabaya   ,Tech & IT,UI/UX Design,Aplikasi Layanan Publik,430,27000000,,2027-01-23,Google Developer Group
CodeFest Makassar 2026,Tech & IT,UI/UX Design,Data Privacy,-3892,36000000,,2026-12-08,Tech Community
Gelar Aksi Sehat Samarinda,Kesehatan,Teknologi Medis,Telemedicine Inklusif,-2572,5000000,,2027-01-07,Ikatan Dokter Indonesia
National Startup Fest 2025,Bisnis & Ekonomi,Umum - Bisnis & Ekonomi,Green Economy,1394,36000000,,2025-04-30,bca   
CodeFest Palembang 2025,Tech & IT,Software Development,Blockchain for Good,66,29000000,,2025-04-17,AWS INDONESIA
national business case 2026   ,Bisnis & Ekonomi,Kewirausahaan,Keuangan Inklusif,2090,14000000,,2026-10-30,Bank Indonesia
national devfest 2024   ,Tech & IT,UI/UX Design,Umum - Tech & IT,1435,42000000,,2024-11-17,Kementerian Kominfo
Business Case Nasional 2026,Bisnis & Ekonomi,Umum - Bisnis & Ekonomi,Green Economy,2557,47000000,,2027-01-17,BCA
national venture challenge 2026   ,Bisnis & Ekonomi,Marketing,Keuangan Inklusif,1120,50000000,,2026-09-04,Bursa Efek Indonesia
national health challenge 2024   ,Kesehatan,Kesehatan Masyarakat,Pencegahan Stunting,-1761,48000000,,2024-10-01,yayasan peduli sehat   
Festival Aksi Baik Semarang,Sosial & Lingkungan,Lingkungan Hidup,Energi Terbarukan,-3086,35000000,,2026-11-26,yayasan ruangguru   
NATIONAL DEVFEST 2024,Tech & IT,Cyber Security,Aplikasi Layanan Publik,450,29000000,,2024-05-20,AWS Indonesia
Gelar Health Challenge Samarinda,Kesehatan,Kesehatan Masyarakat,Pencegahan Stunting,875,5000000,,2026-08-03,yayasan peduli sehat   
hackathon padang 2024   ,Tech & IT,Software Development,Blockchain for Good,-855,28000000,2024-02-24,2024-03-17,Google Developer Group
kompetisi tech challenge nasional   ,Tech & IT,Software Development,Aplikasi Layanan Publik,3560,12000000,,2024-09-15,google developer group   
National Eco Summit 2025,Sosial & Lingkungan,Pendidikan,Energi Terbarukan,520,29000000,,2025-05-23,Yayasan Ruangguru
National CodeFest 2026,Tech & IT,Software Development,Blockchain for Good,3579,39000000,,2026-07-10,Kementerian Kominfo
Health Challenge Bandung 2025,Kesehatan,Gizi dan Nutrisi,Umum - Kesehatan,1626,47000000,,2025-02-27,Kementerian Kesehatan RI
Pitching Summit Pontianak 2024,Bisnis & Ekonomi,Marketing,Ekonomi Sirkular,2957,12000000,,2024-03-30,bursa efek indonesia   
National Medical Hackathon 2024,Kesehatan,Teknologi Medis,Telemedicine Inklusif,2730,37000000,,2024-12-23,Kementerian Kesehatan RI
National Impact Fest 2025,Sosial & Lingkungan,Lingkungan Hidup,Pengurangan Sampah Plastik,1921,27000000,2025-09-09,2025-11-15,UNICEF Indonesia
Eco Summit Padang 2026,Sosial & Lingkungan,Pemberdayaan Masyarakat,Pengurangan Sampah Plastik,477,16000000,,2026-08-03,Kitabisa
kompetisi startup fest pontianak   ,Bisnis & Ekonomi,Fintech,Strategi Pemasaran Gen Z,1452,41000000,,2024-08-03,Bursa Efek Indonesia
National Aksi Baik 2024,Sosial & Lingkungan,Lingkungan Hidup,Pendidikan Daerah Terpelosok,669,13000000,2024-10-08,2024-11-09,Kementerian Sosial
National Business Case 2025,Bisnis & Ekonomi,Kewirausahaan,Digitalisasi UMKM,1209,14000000,,2024-11-09,Penyelenggara Independen
festival hackathon batam   ,Tech & IT,Data Science,Blockchain for Good,1626,6000000,,2026-10-27,AWS Indonesia
National Health Challenge 2026,Kesehatan,Gizi dan Nutrisi,Inovasi Alat Medis,1263,20000000,,2026-09-10,WHO Indonesia
Hackathon Yogyakarta 2026,Tech & IT,UI/UX Design,Smart City,1626,10000000,,2026-06-15,kementerian kominfo   
Gelar Preneur Olympiad Manado,Bisnis & Ekonomi,Pengembangan UMKM,Strategi Pemasaran Gen Z,2832,29000000,,2024-06-29,BCA
Datathon Bandung 2024,Tech & IT,Cyber Security,Blockchain for Good,3143,22000000,,2024-10-24,PT Telkom Indonesia
Festival Eco Summit Padang,Sosial & Lingkungan,Lingkungan Hidup,Pendidikan Daerah Terpelosok,1799,8000000,,2024-10-15,UNICEF Indonesia
Venture Challenge Yogyakarta 2026,Bisnis & Ekonomi,Pengembangan UMKM,Umum - Bisnis & Ekonomi,1525,11000000,,2026-06-05,Bank Indonesia
National Hackathon 2026,Tech & IT,Data Science,Umum - Tech & IT,2288,38000000,,2026-10-28,Google Developer Group
health challenge bengkulu 2025   ,Kesehatan,Teknologi Medis,Umum - Kesehatan,1804,7000000,,2025-04-19,IKATAN DOKTER INDONESIA
Pitching Summit Malang 2026,Bisnis & Ekonomi,Pengembangan UMKM,Digitalisasi UMKM,2090,49000000,,2026-10-09,Bursa Efek Indonesia
ECO SUMMIT SEMARANG 2026,Sosial & Lingkungan,Pemberdayaan Masyarakat,Aksi Tanggap Bencana,3119,29000000,,2026-12-10,Kitabisa
GELAR AKSI SEHAT SEMARANG,Kesehatan,Kesehatan Masyarakat,Awareness Kesehatan Mental,-3444,44000000,,2024-05-03,Ikatan Dokter Indonesia
Health Challenge Bandung 2025,Kesehatan,Gizi dan Nutrisi,Awareness Kesehatan Mental,1626,47000000,,2025-02-27,KEMENTERIAN KESEHATAN RI
Gelar Aksi Baik Medan,Sosial & Lingkungan,Kemanusiaan,Pengurangan Sampah Plastik,1525,34000000,,2024-11-06,WWF Indonesia
Kompetisi Sociopreneur Batam,Sosial & Lingkungan,Pemberdayaan Masyarakat,Pengurangan Sampah Plastik,1392,11000000,,2025-06-01,UNICEF INDONESIA
gelar relawan challenge pekanbaru   ,Sosial & Lingkungan,Pendidikan,Aksi Tanggap Bencana,3830,7000000,,2026-08-30,kitabisa   
venture challenge samarinda 2025   ,Bisnis & Ekonomi,Pengembangan UMKM,Umum - Bisnis & Ekonomi,3375,7000000,,2025-05-27,Kementerian Koperasi dan UKM
medical hackathon balikpapan 2026   ,Kesehatan,Gizi dan Nutrisi,Pencegahan Stunting,3686,6000000,,2026-07-24,WHO Indonesia
National Preneur Olympiad 2025,Bisnis & Ekonomi,Fintech,Green Economy,676,32000000,,2025-08-06,Bank Indonesia
Eco Summit Nasional 2025,Sosial & Lingkungan,Lingkungan Hidup,Aksi Tanggap Bencana,220,19000000,2025-04-12,2025-07-01,YAYASAN RUANGGURU
Venture Challenge Semarang 2025,Bisnis & Ekonomi,Pengembangan UMKM,Umum - Bisnis & Ekonomi,2090,29000000,,2025-09-07,bca   
National Impact Fest 2024,Sosial & Lingkungan,Kemanusiaan,Energi Terbarukan,3012,9000000,,2024-04-22,Kitabisa
Datathon Padang 2026,Tech & IT,Umum - Tech & IT,Generative AI,2897,41000000,,2026-04-14,Tech Community
Sociopreneur Balikpapan 2025,Sosial & Lingkungan,Pendidikan,Aksi Tanggap Bencana,1921,21000000,,2025-03-13,UNICEF Indonesia
National CodeFest 2026,Tech & IT,Cyber Security,Generative AI,608,25000000,,2026-04-09,Tech Community
Kompetisi Relawan Challenge Balikpapan,Sosial & Lingkungan,Kemanusiaan,Umum - Sosial & Lingkungan,1906,34000000,,2025-03-14,Penyelenggara Independen
Aksi Baik Jakarta 2024,Sosial & Lingkungan,Kemanusiaan,Pendidikan Daerah Terpelosok,3862,17000000,2024-04-22,2024-05-19,kementerian sosial   
National Hackathon 2025,Tech & IT,Cyber Security,Umum - Tech & IT,3111,32000000,,2025-09-18,AWS Indonesia
Sociopreneur Samarinda 2025,Sosial & Lingkungan,Lingkungan Hidup,Aksi Tanggap Bencana,-2826,29000000,,2025-12-21,UNICEF Indonesia
Relawan Challenge Bandung 2026,Sosial & Lingkungan,Lingkungan Hidup,Pendidikan Daerah Terpelosok,3401,37000000,,2026-09-05,Kitabisa
National Aksi Baik 2024,Lainnya,Kemanusiaan,Aksi Tanggap Bencana,1428,29000000,2024-03-06,2026-09-05,yayasan ruangguru   
Business Case Makassar 2026,Bisnis & Ekonomi,Marketing,Green Economy,81,16000000,,2026-09-05,bursa efek indonesia   
med inno semarang 2025   ,Kesehatan,Kesehatan Mental,Inovasi Alat Medis,1663,23000000,,2026-09-05,ikatan dokter indonesia   
Festival Preneur Olympiad Denpasar,Bisnis & Ekonomi,Business Plan,Ekonomi Sirkular,3774,29000000,,2026-09-05,Bursa Efek Indonesia
AKSI SEHAT YOGYAKARTA 2024,Kesehatan,Kesehatan Masyarakat,Pencegahan Stunting,1804,27000000,,2024-04-10,YAYASAN PEDULI SEHAT
CodeFest Semarang 2026,Tech & IT,UI/UX Design,Smart City,1706,29000000,,2026-05-01,Tech Community
Tech Challenge Yogyakarta 2024,Tech & IT,Software Development,Blockchain for Good,1012,26000000,,2024-07-22,google developer group   
DEVFEST SEMARANG 2024,Tech & IT,Cyber Security,Aplikasi Layanan Publik,2424,26000000,,2024-06-27,Google Developer Group
Aksi Baik Palembang 2026,Sosial & Lingkungan,Lingkungan Hidup,Pendidikan Daerah Terpelosok,2349,29000000,,2026-12-06,Yayasan Ruangguru
Startup Fest Bengkulu 2026,Bisnis & Ekonomi,Kewirausahaan,Green Economy,2134,46000000,,2026-12-06,kementerian koperasi dan ukm   
Festival Pitching Summit Denpasar,Bisnis & Ekonomi,Fintech,Strategi Pemasaran Gen Z,3775,20000000,2025-03-29,2025-06-12,Kementerian Koperasi dan UKM
Gelar Eco Summit Padang,Sosial & Lingkungan,Pendidikan,Pengurangan Sampah Plastik,1921,34000000,,2026-08-13,KITABISA
CodeFest Semarang 2025,Tech & IT,Data Science,Generative AI,1626,20000000,,2025-06-29,Google Developer Group
Datathon Batam 2026,Tech & IT,Software Development,Smart City,-1741,50000000,,2025-06-29,PT TELKOM INDONESIA
National Eco Summit 2025,Sosial & Lingkungan,Umum - Sosial & Lingkungan,Aksi Tanggap Bencana,-662,14000000,,2025-05-04,KITABISA
Datathon Bengkulu 2024,Tech & IT,Data Science,Smart City,1626,29000000,,2024-09-07,Tech Community
National Ideathon 2024,Tech & IT,Cyber Security,Smart City,461,13000000,,2024-03-17,Google Developer Group
Gelar Business Case Samarinda,Bisnis & Ekonomi,Business Plan,Digitalisasi UMKM,2090,40000000,2025-09-02,2025-09-18,Penyelenggara Independen
national venture challenge 2026   ,Lainnya,Business Plan,Keuangan Inklusif,1840,18000000,,2026-05-07,Penyelenggara Independen
National Eco Summit 2024,Sosial & Lingkungan,Lingkungan Hidup,Energi Terbarukan,3370,26000000,,2024-10-31,WWF Indonesia
GAGASAN MEDIS SEMARANG 2024,Kesehatan,Kesehatan Mental,Pencegahan Stunting,1627,34000000,,2024-05-13,yayasan peduli sehat   
National DevFest 2024,Tech & IT,AI/Machine Learning,Blockchain for Good,-3204,6000000,,2024-06-01,Kementerian Kominfo
National Sociopreneur 2026,Sosial & Lingkungan,Pemberdayaan Masyarakat,Energi Terbarukan,1921,36000000,,2026-03-18,Kementerian Sosial
gagasan medis semarang 2024   ,Kesehatan,Gizi dan Nutrisi,Inovasi Alat Medis,1804,23000000,,2024-03-07,Kementerian Kesehatan RI
National Impact Fest 2024,Sosial & Lingkungan,Pendidikan,Pengurangan Sampah Plastik,1459,34000000,,2024-07-06,YAYASAN RUANGGURU
Gelar Med Inno Yogyakarta,Kesehatan,Teknologi Medis,Pencegahan Stunting,3874,42000000,,2024-10-18,Yayasan Peduli Sehat
festival impact fest surabaya   ,Sosial & Lingkungan,Umum - Sosial & Lingkungan,Umum - Sosial & Lingkungan,1921,28000000,,2024-11-16,Kementerian Sosial
Gelar Business Case Denpasar,Bisnis & Ekonomi,Umum - Bisnis & Ekonomi,Keuangan Inklusif,3618,29000000,,2026-04-25,Kementerian Koperasi dan UKM
Kompetisi Medical Hackathon Palembang,Kesehatan,Gizi dan Nutrisi,Awareness Kesehatan Mental,1804,33000000,,2025-11-10,Kementerian Kesehatan RI
NATIONAL MEDICAL HACKATHON 2024,Kesehatan,Teknologi Medis,Telemedicine Inklusif,2730,29000000,,2024-12-23,Kementerian Kesehatan RI
National Hackathon 2024,Tech & IT,UI/UX Design,Data Privacy,1288,47000000,2024-01-01,2024-12-23,AWS Indonesia
gelar venture challenge denpasar   ,Bisnis & Ekonomi,Business Plan,Green Economy,190,30000000,2024-01-01,2024-02-02,Bank Indonesia
National Relawan Challenge 2026,Sosial & Lingkungan,Lingkungan Hidup,Energi Terbarukan,1921,34000000,2024-01-01,2024-02-02,UNICEF INDONESIA
Gelar Ideathon Denpasar,Tech & IT,Umum - Tech & IT,Data Privacy,919,22000000,,2025-09-16,kementerian kominfo   
national preneur olympiad 2026   ,Bisnis & Ekonomi,Marketing,Ekonomi Sirkular,-492,10000000,,2026-07-23,Inkubator Bisnis Univ
Health Challenge Bengkulu 2025,Kesehatan,Teknologi Medis,Telemedicine Inklusif,3082,7000000,,2025-04-19,Ikatan Dokter Indonesia
gelar tech challenge bali   ,Tech & IT,Data Science,Blockchain for Good,2157,38000000,,2024-06-27,AWS Indonesia
Festival Impact Fest Jakarta,Sosial & Lingkungan,Lingkungan Hidup,Pengurangan Sampah Plastik,1630,34000000,,2026-12-05,Kitabisa
Gelar Health Challenge Samarinda,Kesehatan,Umum - Kesehatan,Awareness Kesehatan Mental,1965,15000000,,2026-08-27,IKATAN DOKTER INDONESIA
Hackathon Pontianak 2025,Tech & IT,Cyber Security,Generative AI,2730,47000000,,2025-07-28,Google Developer Group
Hackathon Surabaya 2025,Tech & IT,Software Development,Smart City,1750,29000000,,2025-06-20,PT Telkom Indonesia
FESTIVAL HACKATHON MEDAN,Tech & IT,AI/Machine Learning,Aplikasi Layanan Publik,64,49000000,,2024-05-26,Kementerian Kominfo
National Pitching Summit 2025,Bisnis & Ekonomi,Pengembangan UMKM,Digitalisasi UMKM,3381,12000000,,2024-05-26,Bursa Efek Indonesia
DEVFEST BALI 2026,Tech & IT,Cyber Security,Data Privacy,3341,24000000,,2026-09-23,Kementerian Kominfo
National Datathon 2026,Tech & IT,Data Science,Smart City,1626,33000000,,2026-07-25,PT Telkom Indonesia
National Aksi Sehat 2026,Kesehatan,Kesehatan Masyarakat,Inovasi Alat Medis,2275,18000000,,2027-01-03,yayasan peduli sehat   
Hackathon Bengkulu 2025,Tech & IT,Data Science,Blockchain for Good,3326,13000000,,2025-06-20,GOOGLE DEVELOPER GROUP
Gelar Ideathon Medan,Tech & IT,AI/Machine Learning,Smart City,2190,29000000,,2024-06-13,Tech Community
Festival CodeFest Padang,Tech & IT,Data Science,Generative AI,3202,29000000,,2024-10-06,Tech Community
NATIONAL MED INNO 2024,Kesehatan,Kesehatan Mental,Telemedicine Inklusif,2498,8000000,,2024-04-27,Penyelenggara Independen
pitching summit bali 2024   ,Bisnis & Ekonomi,Marketing,Umum - Bisnis & Ekonomi,2583,8000000,,2024-04-29,Bank Indonesia
National Gagasan Medis 2025,Kesehatan,Gizi dan Nutrisi,Awareness Kesehatan Mental,2146,47000000,,2025-06-28,kementerian kesehatan ri   
eco summit nasional 2025   ,Sosial & Lingkungan,Kemanusiaan,Aksi Tanggap Bencana,1822,7000000,,2025-07-19,UNICEF Indonesia
Medical Hackathon Bali 2024,Kesehatan,Gizi dan Nutrisi,Awareness Kesehatan Mental,1804,9000000,,2024-06-11,Yayasan Peduli Sehat
National Ideathon 2024,Tech & IT,UI/UX Design,Generative AI,1626,9000000,,2024-01-23,google developer group   
Festival Pitching Summit Samarinda,Bisnis & Ekonomi,Pengembangan UMKM,Umum - Bisnis & Ekonomi,3887,17000000,,2026-10-05,Penyelenggara Independen
National Health Challenge 2025,Kesehatan,Teknologi Medis,Awareness Kesehatan Mental,1804,11000000,,2025-04-10,WHO INDONESIA
National Pitching Summit 2025,Bisnis & Ekonomi,Business Plan,Ekonomi Sirkular,851,21000000,,2025-04-29,Bursa Efek Indonesia
Kompetisi CodeFest Surabaya,Tech & IT,UI/UX Design,Data Privacy,1626,14000000,,2024-08-20,Penyelenggara Independen
Festival Venture Challenge Palembang,Bisnis & Ekonomi,Marketing,Strategi Pemasaran Gen Z,3673,34000000,,2024-08-12,BANK INDONESIA
National Health Challenge 2026,Kesehatan,Kesehatan Mental,Awareness Kesehatan Mental,355,14000000,,2026-06-11,who indonesia   
Startup Fest Padang 2026,Bisnis & Ekonomi,Kewirausahaan,Keuangan Inklusif,1094,50000000,,2026-08-27,BCA
GELAR VENTURE CHALLENGE BENGKULU,Lainnya,Pengembangan UMKM,Green Economy,1840,21000000,,2026-08-27,INKUBATOR BISNIS UNIV
NATIONAL VENTURE CHALLENGE 2024,Bisnis & Ekonomi,Kewirausahaan,Strategi Pemasaran Gen Z,2090,5000000,,2024-11-25,Kementerian Koperasi dan UKM
Preneur Olympiad Makassar 2025,Bisnis & Ekonomi,Fintech,Digitalisasi UMKM,3924,29000000,,2025-07-14,Penyelenggara Independen
National Medical Hackathon 2025,Kesehatan,Kesehatan Mental,Awareness Kesehatan Mental,1528,5000000,,2025-06-27,Yayasan Peduli Sehat
Tech Challenge Batam 2025,Tech & IT,Cyber Security,Smart City,2801,29000000,,2025-07-23,Kementerian Kominfo
kompetisi datathon medan   ,Tech & IT,Cyber Security,Generative AI,-2520,44000000,,2025-07-23,PT TELKOM INDONESIA
Gagasan Medis Medan 2024,Kesehatan,Teknologi Medis,Inovasi Alat Medis,2347,50000000,,2024-07-13,Ikatan Dokter Indonesia
National Eco Summit 2026,Sosial & Lingkungan,Lingkungan Hidup,Pendidikan Daerah Terpelosok,-666,9000000,,2026-09-18,Yayasan Ruangguru
National Business Case 2024,Bisnis & Ekonomi,Pengembangan UMKM,Digitalisasi UMKM,2877,20000000,,2024-05-10,BURSA EFEK INDONESIA
Gelar Impact Fest Samarinda,Sosial & Lingkungan,Kemanusiaan,Aksi Tanggap Bencana,2479,31000000,,2024-03-20,UNICEF Indonesia
Preneur Olympiad Denpasar 2025,Bisnis & Ekonomi,Marketing,Ekonomi Sirkular,3039,15000000,,2025-11-15,Penyelenggara Independen
Gelar Business Case Semarang,Bisnis & Ekonomi,Kewirausahaan,Green Economy,3455,40000000,,2024-03-29,Bursa Efek Indonesia
National Med Inno 2026,Kesehatan,Kesehatan Masyarakat,Telemedicine Inklusif,2448,41000000,,2026-07-25,WHO Indonesia
gelar relawan challenge bengkulu   ,Sosial & Lingkungan,Pemberdayaan Masyarakat,Aksi Tanggap Bencana,3781,37000000,,2026-11-02,Kementerian Sosial
Gelar Aksi Sehat Semarang,Kesehatan,Umum - Kesehatan,Pencegahan Stunting,870,45000000,,2024-06-09,IKATAN DOKTER INDONESIA
Gelar Gagasan Medis Padang,Kesehatan,Kesehatan Mental,Telemedicine Inklusif,3666,13000000,,2026-05-10,Ikatan Dokter Indonesia
National Med Inno 2026,Kesehatan,Gizi dan Nutrisi,Awareness Kesehatan Mental,3333,25000000,2026-07-28,2026-10-07,Yayasan Peduli Sehat
National Gagasan Medis 2024,Kesehatan,Umum - Kesehatan,Inovasi Alat Medis,446,12000000,,2024-09-21,WHO Indonesia
Impact Fest Surabaya 2024,Sosial & Lingkungan,Pendidikan,Pengurangan Sampah Plastik,2905,16000000,,2024-10-01,KEMENTERIAN SOSIAL
National DevFest 2025,Tech & IT,Cyber Security,Smart City,153,46000000,,2024-10-01,PT Telkom Indonesia
Relawan Challenge Padang 2024,Sosial & Lingkungan,Pemberdayaan Masyarakat,Energi Terbarukan,1921,29000000,,2024-06-18,YAYASAN RUANGGURU
National Startup Fest 2024,Bisnis & Ekonomi,Pengembangan UMKM,Green Economy,436,45000000,,2024-04-18,Bursa Efek Indonesia
KOMPETISI DEVFEST MALANG,Tech & IT,Software Development,Aplikasi Layanan Publik,1748,25000000,,2024-09-17,Penyelenggara Independen
National Medical Hackathon 2024,Kesehatan,Gizi dan Nutrisi,Awareness Kesehatan Mental,1804,37000000,,2024-08-08,Yayasan Peduli Sehat
IMPACT FEST PALEMBANG 2024,Sosial & Lingkungan,Umum - Sosial & Lingkungan,Pendidikan Daerah Terpelosok,577,41000000,,2024-04-02,Yayasan Ruangguru
Festival Impact Fest Batam,Sosial & Lingkungan,Pemberdayaan Masyarakat,Aksi Tanggap Bencana,73,36000000,,2026-05-01,UNICEF Indonesia
CodeFest Nasional 2025,Tech & IT,AI/Machine Learning,Umum - Tech & IT,2799,19000000,,2025-06-06,Google Developer Group
MED INNO PEKANBARU 2024,Kesehatan,Kesehatan Mental,Telemedicine Inklusif,1804,29000000,,2024-04-07,Ikatan Dokter Indonesia
Tech Challenge Jakarta 2024,Tech & IT,Data Science,Smart City,820,25000000,2024-03-07,2024-05-22,Penyelenggara Independen
National Relawan Challenge 2026,Sosial & Lingkungan,Pemberdayaan Masyarakat,Pengurangan Sampah Plastik,160,40000000,,2026-07-22,WWF Indonesia
KOMPETISI IDEATHON JAKARTA,Tech & IT,Umum - Tech & IT,Data Privacy,63,9000000,,2026-03-20,Tech Community
National Business Case 2026,Bisnis & Ekonomi,Pengembangan UMKM,Ekonomi Sirkular,3616,29000000,,2026-10-10,Kementerian Koperasi dan UKM
National Eco Summit 2024,Sosial & Lingkungan,Lingkungan Hidup,Pengurangan Sampah Plastik,2702,5000000,,2026-10-10,unicef indonesia   
Gelar Datathon Medan,Tech & IT,Data Science,Data Privacy,966,27000000,,2026-06-01,Google Developer Group
Gelar Aksi Baik Nasional,Sosial & Lingkungan,Kemanusiaan,Aksi Tanggap Bencana,3456,12000000,,2024-06-26,unicef indonesia   
National CodeFest 2026,Tech & IT,Software Development,Smart City,3662,11000000,,2024-06-26,kementerian kominfo   
DevFest Bali 2026,Tech & IT,Cyber Security,Aplikasi Layanan Publik,3966,30000000,,2026-05-13,Kementerian Kominfo
festival med inno manado   ,Kesehatan,Teknologi Medis,Inovasi Alat Medis,371,41000000,,2024-10-12,Ikatan Dokter Indonesia
National Sociopreneur 2024,Sosial & Lingkungan,Umum - Sosial & Lingkungan,Pengurangan Sampah Plastik,3775,39000000,,2024-09-20,UNICEF Indonesia
NATIONAL RELAWAN CHALLENGE 2025,Sosial & Lingkungan,Lingkungan Hidup,Aksi Tanggap Bencana,2412,43000000,,2025-05-24,wwf indonesia   
gelar sociopreneur nasional   ,Sosial & Lingkungan,Lingkungan Hidup,Aksi Tanggap Bencana,2554,49000000,,2025-07-30,WWF Indonesia
National Med Inno 2025,Kesehatan,Umum - Kesehatan,Umum - Kesehatan,2899,19000000,,2025-02-09,who indonesia   
Relawan Challenge Batam 2025,Sosial & Lingkungan,Pendidikan,Pendidikan Daerah Terpelosok,1968,29000000,,2025-05-10,WWF INDONESIA
Festival Aksi Sehat Bengkulu,Kesehatan,Kesehatan Masyarakat,Telemedicine Inklusif,3299,29000000,,2025-05-13,Yayasan Peduli Sehat
sociopreneur malang 2025   ,Sosial & Lingkungan,Lingkungan Hidup,Energi Terbarukan,1921,17000000,2025-06-16,2025-09-06,Kementerian Sosial
National Startup Fest 2026,Bisnis & Ekonomi,Business Plan,Ekonomi Sirkular,3178,28000000,,2026-08-23,Kementerian Koperasi dan UKM
Business Case Pontianak 2024,Bisnis & Ekonomi,Business Plan,Digitalisasi UMKM,2783,5000000,,2024-09-02,Bank Indonesia
national aksi sehat 2024   ,Kesehatan,Kesehatan Mental,Umum - Kesehatan,3971,16000000,2024-07-06,2024-08-26,yayasan peduli sehat   
Gelar Preneur Olympiad Manado,Bisnis & Ekonomi,Pengembangan UMKM,Strategi Pemasaran Gen Z,2832,16000000,,2024-06-29,bca   
Sociopreneur Samarinda 2025,Sosial & Lingkungan,Pendidikan,Aksi Tanggap Bencana,342,30000000,,2025-09-26,Penyelenggara Independen
Kompetisi Ideathon Jakarta,Tech & IT,Data Science,Smart City,1626,47000000,,2025-03-26,tech community   
Kompetisi Health Challenge Bali,Kesehatan,Gizi dan Nutrisi,Pencegahan Stunting,867,14000000,,2025-02-21,Penyelenggara Independen
Gelar Hackathon Malang,Tech & IT,Data Science,Aplikasi Layanan Publik,1626,24000000,,2025-08-30,Google Developer Group
Preneur Olympiad Bali 2026,Bisnis & Ekonomi,Kewirausahaan,Digitalisasi UMKM,554,29000000,,2026-10-26,Bank Indonesia
Gagasan Medis Semarang 2024,Kesehatan,Gizi dan Nutrisi,Umum - Kesehatan,3147,24000000,,2024-03-19,IKATAN DOKTER INDONESIA
relawan challenge makassar 2024   ,Sosial & Lingkungan,Pendidikan,Energi Terbarukan,2827,50000000,,2024-08-27,Penyelenggara Independen
Gelar Aksi Sehat Semarang,Kesehatan,Gizi dan Nutrisi,Inovasi Alat Medis,1804,25000000,,2024-09-18,Yayasan Peduli Sehat
Festival Hackathon Medan,Tech & IT,AI/Machine Learning,Aplikasi Layanan Publik,64,49000000,,2024-05-26,KEMENTERIAN KOMINFO
NATIONAL HEALTH CHALLENGE 2026,Kesehatan,Umum - Kesehatan,Pencegahan Stunting,3523,18000000,,2026-05-27,Kementerian Kesehatan RI
National Hackathon 2025,Tech & IT,AI/Machine Learning,Data Privacy,1764,8000000,,2026-05-27,GOOGLE DEVELOPER GROUP
Gagasan Medis Makassar 2025,Kesehatan,Gizi dan Nutrisi,Awareness Kesehatan Mental,70,23000000,,2025-07-14,IKATAN DOKTER INDONESIA
Gelar Aksi Sehat Pekanbaru,Kesehatan,Gizi dan Nutrisi,Inovasi Alat Medis,856,35000000,,2025-10-14,Ikatan Dokter Indonesia
National Pitching Summit 2024,Bisnis & Ekonomi,Marketing,Strategi Pemasaran Gen Z,255,19000000,,2024-10-31,BCA
ideathon malang 2025   ,Tech & IT,Umum - Tech & IT,Aplikasi Layanan Publik,2784,50000000,,2025-08-12,AWS Indonesia
FESTIVAL MEDICAL HACKATHON MEDAN,Kesehatan,Kesehatan Masyarakat,Inovasi Alat Medis,3660,30000000,,2024-10-14,Yayasan Peduli Sehat
FESTIVAL PITCHING SUMMIT SAMARINDA,Bisnis & Ekonomi,Pengembangan UMKM,Ekonomi Sirkular,3887,17000000,,2026-10-05,Bursa Efek Indonesia
GELAR PRENEUR OLYMPIAD PEKANBARU,Bisnis & Ekonomi,Pengembangan UMKM,Umum - Bisnis & Ekonomi,1053,48000000,,2026-09-26,Inkubator Bisnis Univ
National Preneur Olympiad 2025,Bisnis & Ekonomi,Fintech,Digitalisasi UMKM,977,39000000,,2025-03-07,Bank Indonesia
Sociopreneur Bengkulu 2026,Bisnis & Ekonomi,Pemberdayaan Masyarakat,Pendidikan Daerah Terpelosok,1847,10000000,,2026-11-01,UNICEF INDONESIA
eco summit denpasar 2026   ,Sosial & Lingkungan,Pendidikan,Energi Terbarukan,1921,45000000,,2026-08-02,UNICEF Indonesia
kompetisi pitching summit bandung   ,Bisnis & Ekonomi,Pengembangan UMKM,Ekonomi Sirkular,2982,42000000,,2024-09-23,Bank Indonesia
Preneur Olympiad Balikpapan 2024,Bisnis & Ekonomi,Business Plan,Keuangan Inklusif,1166,43000000,,2024-09-23,Kementerian Koperasi dan UKM
Impact Fest Palembang 2025,Sosial & Lingkungan,Pendidikan,Pendidikan Daerah Terpelosok,479,16000000,,2025-06-09,Kementerian Sosial
Preneur Olympiad Nasional 2026,Bisnis & Ekonomi,Umum - Bisnis & Ekonomi,Keuangan Inklusif,971,26000000,,2026-07-02,Kementerian Koperasi dan UKM
Kompetisi Aksi Sehat Jakarta,Kesehatan,Gizi dan Nutrisi,Awareness Kesehatan Mental,1565,18000000,,2025-09-04,kementerian kesehatan ri   
Pitching Summit Nasional 2026,Bisnis & Ekonomi,Fintech,Keuangan Inklusif,2074,46000000,,2026-05-08,Bursa Efek Indonesia
eco summit medan 2025   ,Sosial & Lingkungan,Lingkungan Hidup,Aksi Tanggap Bencana,2479,38000000,,2025-05-09,WWF Indonesia
National Hackathon 2025,Tech & IT,Software Development,Blockchain for Good,1945,32000000,,2025-07-18,Google Developer Group
Gelar Preneur Olympiad Makassar,Bisnis & Ekonomi,Fintech,Keuangan Inklusif,261,8000000,,2026-05-01,Bank Indonesia
Kompetisi Medical Hackathon Batam,Kesehatan,Kesehatan Masyarakat,Awareness Kesehatan Mental,2653,28000000,,2024-02-07,WHO Indonesia
Gelar Gagasan Medis Jakarta,Kesehatan,Kesehatan Mental,Inovasi Alat Medis,1508,41000000,,2024-09-29,kementerian kesehatan ri   
Festival Medical Hackathon Medan,Kesehatan,Kesehatan Mental,Umum - Kesehatan,2222,8000000,,2025-04-30,Ikatan Dokter Indonesia
Kompetisi Business Case Pekanbaru,Bisnis & Ekonomi,Kewirausahaan,Strategi Pemasaran Gen Z,2181,27000000,,2026-07-10,Kementerian Koperasi dan UKM
National Impact Fest 2024,Sosial & Lingkungan,Kemanusiaan,Pengurangan Sampah Plastik,1921,38000000,,2024-06-26,UNICEF Indonesia
Startup Fest Batam 2025,Bisnis & Ekonomi,Kewirausahaan,Green Economy,1901,43000000,,2025-11-24,Penyelenggara Independen
National DevFest 2025,Tech & IT,Software Development,Blockchain for Good,2590,40000000,,2025-04-13,Penyelenggara Independen
Medical Hackathon Batam 2025,Kesehatan,Kesehatan Masyarakat,Awareness Kesehatan Mental,2299,9000000,,2025-10-10,KEMENTERIAN KESEHATAN RI
National Venture Challenge 2025,Bisnis & Ekonomi,Fintech,Strategi Pemasaran Gen Z,3741,12000000,,2025-07-03,Kementerian Koperasi dan UKM
Gelar Preneur Olympiad Jakarta,Bisnis & Ekonomi,Fintech,Digitalisasi UMKM,2998,44000000,,2026-02-17,Bank Indonesia
Ideathon Malang 2026,Tech & IT,Data Science,Aplikasi Layanan Publik,386,15000000,,2026-05-23,Google Developer Group
national datathon 2024   ,Tech & IT,Software Development,Data Privacy,1158,29000000,,2024-02-22,PT Telkom Indonesia
Impact Fest Surabaya 2024,Sosial & Lingkungan,Kemanusiaan,Aksi Tanggap Bencana,3032,29000000,,2024-05-22,unicef indonesia   
Gelar Preneur Olympiad Pekanbaru,Bisnis & Ekonomi,Kewirausahaan,Digitalisasi UMKM,601,44000000,,2024-09-07,Bursa Efek Indonesia
ECO SUMMIT NASIONAL 2025,Sosial & Lingkungan,Pendidikan,Pengurangan Sampah Plastik,3366,16000000,2025-01-21,2025-02-15,Yayasan Ruangguru
National DevFest 2025,Tech & IT,Software Development,Aplikasi Layanan Publik,101,29000000,,2025-08-12,GOOGLE DEVELOPER GROUP
NATIONAL MED INNO 2026,Kesehatan,Teknologi Medis,Inovasi Alat Medis,1431,39000000,,2026-07-27,IKATAN DOKTER INDONESIA
National CodeFest 2025,Tech & IT,Cyber Security,Umum - Tech & IT,131,41000000,,2025-12-16,AWS Indonesia
kompetisi gagasan medis balikpapan   ,Kesehatan,Teknologi Medis,Inovasi Alat Medis,171,22000000,2024-08-22,2024-11-09,Yayasan Peduli Sehat
KOMPETISI MED INNO NASIONAL,Kesehatan,Gizi dan Nutrisi,Telemedicine Inklusif,2174,15000000,,2024-10-26,ikatan dokter indonesia   
Tech Challenge Pekanbaru 2026,Tech & IT,AI/Machine Learning,Smart City,1954,45000000,,2026-08-05,Penyelenggara Independen
National Gagasan Medis 2026,Kesehatan,Gizi dan Nutrisi,Telemedicine Inklusif,-1725,36000000,,2026-11-16,IKATAN DOKTER INDONESIA
national ideathon 2025   ,Tech & IT,AI/Machine Learning,Data Privacy,1924,9000000,2025-01-16,2025-02-09,Penyelenggara Independen
Gelar Impact Fest Denpasar,Sosial & Lingkungan,Kemanusiaan,Energi Terbarukan,3562,24000000,,2026-02-12,Kementerian Sosial
GELAR AKSI SEHAT SEMARANG,Kesehatan,Gizi dan Nutrisi,Inovasi Alat Medis,94,25000000,,2024-09-18,Yayasan Peduli Sehat
Kompetisi Health Challenge Nasional,Kesehatan,Teknologi Medis,Umum - Kesehatan,2724,31000000,,2024-09-18,YAYASAN PEDULI SEHAT
Kompetisi Preneur Olympiad Balikpapan,Bisnis & Ekonomi,Umum - Bisnis & Ekonomi,Green Economy,2199,44000000,,2025-08-09,bca   
Gelar Tech Challenge Balikpapan,Tech & IT,UI/UX Design,Smart City,-1295,15000000,,2025-10-31,kementerian kominfo   
Medical Hackathon Yogyakarta 2024,Kesehatan,Gizi dan Nutrisi,Awareness Kesehatan Mental,756,47000000,,2024-05-10,Ikatan Dokter Indonesia
Tech Challenge Medan 2024,Tech & IT,Software Development,Blockchain for Good,820,33000000,,2024-09-18,Kementerian Kominfo
National Startup Fest 2024,Bisnis & Ekonomi,Pengembangan UMKM,Digitalisasi UMKM,-3757,49000000,,2025-01-04,Kementerian Koperasi dan UKM
National Aksi Sehat 2024,Kesehatan,Kesehatan Masyarakat,Pencegahan Stunting,3201,45000000,,2024-05-19,WHO INDONESIA
tech challenge manado 2024   ,Tech & IT,AI/Machine Learning,Smart City,537,21000000,,2024-10-29,GOOGLE DEVELOPER GROUP
kompetisi venture challenge manado   ,Bisnis & Ekonomi,Umum - Bisnis & Ekonomi,Strategi Pemasaran Gen Z,479,35000000,,2026-04-17,Bank Indonesia
NATIONAL HACKATHON 2025,Tech & IT,Cyber Security,Smart City,1626,8000000,,2025-11-29,Kementerian Kominfo
Festival Health Challenge Padang,Kesehatan,Gizi dan Nutrisi,Umum - Kesehatan,440,10000000,,2024-08-01,Penyelenggara Independen
RELAWAN CHALLENGE PADANG 2026,Sosial & Lingkungan,Pendidikan,Aksi Tanggap Bencana,1308,6000000,,2026-10-20,wwf indonesia   
national med inno 2025   ,Kesehatan,Kesehatan Masyarakat,Telemedicine Inklusif,3648,50000000,,2025-10-06,Ikatan Dokter Indonesia
Med Inno Palembang 2024,Kesehatan,Kesehatan Masyarakat,Telemedicine Inklusif,1086,11000000,,2024-08-10,Kementerian Kesehatan RI
National Pitching Summit 2025,Bisnis & Ekonomi,Fintech,Green Economy,2090,29000000,,2025-07-11,BANK INDONESIA
National Datathon 2025,Tech & IT,AI/Machine Learning,Blockchain for Good,1349,15000000,,2025-03-23,kementerian kominfo   
Eco Summit Jakarta 2025,Sosial & Lingkungan,Lingkungan Hidup,Aksi Tanggap Bencana,1819,44000000,,2025-03-23,WWF Indonesia
National Medical Hackathon 2025,Kesehatan,Gizi dan Nutrisi,Awareness Kesehatan Mental,2091,29000000,,2025-04-08,Ikatan Dokter Indonesia
Venture Challenge Bali 2024,Bisnis & Ekonomi,Kewirausahaan,Green Economy,2090,14000000,,2025-04-08,Inkubator Bisnis Univ
GAGASAN MEDIS PADANG 2025,Kesehatan,Teknologi Medis,Telemedicine Inklusif,189,30000000,,2025-05-28,kementerian kesehatan ri   
National Sociopreneur 2024,Sosial & Lingkungan,Umum - Sosial & Lingkungan,Pengurangan Sampah Plastik,511,33000000,,2025-05-28,kementerian sosial   
KOMPETISI ECO SUMMIT MALANG,Sosial & Lingkungan,Umum - Sosial & Lingkungan,Energi Terbarukan,2405,40000000,,2024-09-21,UNICEF Indonesia
Gelar Sociopreneur Padang,Sosial & Lingkungan,Kemanusiaan,Pengurangan Sampah Plastik,2572,42000000,,2025-12-05,kitabisa   
Gelar DevFest Balikpapan,Tech & IT,AI/Machine Learning,Smart City,2191,50000000,,2026-03-10,google developer group   
National Tech Challenge 2026,Tech & IT,UI/UX Design,Aplikasi Layanan Publik,1348,20000000,,2026-06-28,aws indonesia   
national med inno 2025   ,Kesehatan,Teknologi Medis,Pencegahan Stunting,3161,17000000,,2025-08-16,Kementerian Kesehatan RI
NATIONAL SOCIOPRENEUR 2026,Sosial & Lingkungan,Pendidikan,Aksi Tanggap Bencana,941,8000000,,2026-07-01,WWF INDONESIA
National Medical Hackathon 2024,Kesehatan,Gizi dan Nutrisi,Awareness Kesehatan Mental,1804,37000000,,2024-08-08,Yayasan Peduli Sehat
DATATHON BALI 2024,Tech & IT,UI/UX Design,Blockchain for Good,547,20000000,,2024-04-26,GOOGLE DEVELOPER GROUP
Eco Summit Palembang 2024,Sosial & Lingkungan,Kemanusiaan,Umum - Sosial & Lingkungan,700,46000000,,2024-04-26,Yayasan Ruangguru
NATIONAL TECH CHALLENGE 2025,Tech & IT,UI/UX Design,Smart City,1919,36000000,,2025-09-04,Tech Community
NATIONAL PITCHING SUMMIT 2025,Bisnis & Ekonomi,Umum - Bisnis & Ekonomi,Digitalisasi UMKM,1225,46000000,,2025-10-25,Kementerian Koperasi dan UKM
Kompetisi Hackathon Bengkulu,Tech & IT,Data Science,Data Privacy,3776,24000000,,2026-08-31,Kementerian Kominfo
kompetisi venture challenge surabaya   ,Bisnis & Ekonomi,Marketing,Digitalisasi UMKM,2090,34000000,,2026-08-31,KEMENTERIAN KOPERASI DAN UKM
Gelar Relawan Challenge Malang,Sosial & Lingkungan,Lingkungan Hidup,Pengurangan Sampah Plastik,3285,44000000,,2025-04-06,UNICEF Indonesia
business case balikpapan 2024   ,Bisnis & Ekonomi,Kewirausahaan,Strategi Pemasaran Gen Z,2980,43000000,,2024-04-03,Bursa Efek Indonesia
Festival Datathon Semarang,Tech & IT,AI/Machine Learning,Blockchain for Good,2421,8000000,,2025-07-01,Kementerian Kominfo
Kompetisi Relawan Challenge Yogyakarta,Sosial & Lingkungan,Pemberdayaan Masyarakat,Energi Terbarukan,3978,41000000,,2026-12-16,WWF Indonesia
Hackathon Palembang 2026,Tech & IT,Cyber Security,Aplikasi Layanan Publik,3857,14000000,,2026-10-03,AWS Indonesia
Aksi Baik Surabaya 2026,Sosial & Lingkungan,Kemanusiaan,Pendidikan Daerah Terpelosok,2700,15000000,,2026-10-09,Yayasan Ruangguru
Festival Hackathon Balikpapan,Tech & IT,UI/UX Design,Smart City,2294,42000000,,2024-03-15,AWS Indonesia
GELAR AKSI SEHAT BALIKPAPAN,Kesehatan,Kesehatan Mental,Telemedicine Inklusif,2450,7000000,,2026-06-29,Yayasan Peduli Sehat
Festival Health Challenge Padang,Kesehatan,Umum - Kesehatan,Pencegahan Stunting,1686,9000000,,2025-04-07,Yayasan Peduli Sehat
National DevFest 2024,Tech & IT,Umum - Tech & IT,Blockchain for Good,1626,48000000,2024-05-26,2024-06-25,Kementerian Kominfo
Festival Pitching Summit Batam,Bisnis & Ekonomi,Kewirausahaan,Keuangan Inklusif,3136,25000000,,2024-06-25,BCA
Health Challenge Palembang 2026,Kesehatan,Kesehatan Mental,Inovasi Alat Medis,1804,46000000,,2024-06-25,WHO Indonesia
National Sociopreneur 2024,Sosial & Lingkungan,Pemberdayaan Masyarakat,Pendidikan Daerah Terpelosok,1740,17000000,,2024-09-03,Yayasan Ruangguru
Sociopreneur Batam 2025,Sosial & Lingkungan,Kemanusiaan,Pengurangan Sampah Plastik,1921,35000000,,2025-03-08,Kitabisa
National Preneur Olympiad 2024,Bisnis & Ekonomi,Pengembangan UMKM,Digitalisasi UMKM,2467,13000000,,2024-10-03,BCA
National Aksi Sehat 2025,Kesehatan,Gizi dan Nutrisi,Telemedicine Inklusif,2094,23000000,2025-01-22,2024-10-03,kementerian kesehatan ri   
national devfest 2026   ,Tech & IT,UI/UX Design,Smart City,3170,43000000,2025-01-22,2026-05-05,AWS Indonesia
Gelar Startup Fest Bali,Bisnis & Ekonomi,Kewirausahaan,Keuangan Inklusif,2713,33000000,2025-10-16,2025-11-01,Inkubator Bisnis Univ
Business Case Pontianak 2024,Bisnis & Ekonomi,Pengembangan UMKM,Ekonomi Sirkular,910,10000000,,2024-03-27,bursa efek indonesia   
National DevFest 2024,Tech & IT,AI/Machine Learning,Umum - Tech & IT,3204,6000000,,2024-06-01,Kementerian Kominfo
ECO SUMMIT BATAM 2025,Sosial & Lingkungan,Pendidikan,Energi Terbarukan,-84,33000000,,2024-06-01,WWF Indonesia
National Impact Fest 2025,Sosial & Lingkungan,Pendidikan,Aksi Tanggap Bencana,2356,25000000,,2025-11-07,WWF Indonesia
National Medical Hackathon 2024,Kesehatan,Kesehatan Mental,Inovasi Alat Medis,1804,22000000,,2024-02-25,Ikatan Dokter Indonesia
Kompetisi Business Case Batam,Bisnis & Ekonomi,Marketing,Strategi Pemasaran Gen Z,976,15000000,,2025-06-25,BURSA EFEK INDONESIA
national med inno 2024   ,Kesehatan,Teknologi Medis,Telemedicine Inklusif,3980,22000000,,2024-07-28,WHO INDONESIA
Gelar Aksi Baik Pontianak,Sosial & Lingkungan,Umum - Sosial & Lingkungan,Umum - Sosial & Lingkungan,3953,48000000,,2026-04-29,yayasan ruangguru   
festival eco summit semarang   ,Sosial & Lingkungan,Umum - Sosial & Lingkungan,Pendidikan Daerah Terpelosok,1238,43000000,,2025-03-07,UNICEF Indonesia
Kompetisi Startup Fest Balikpapan,Bisnis & Ekonomi,Fintech,Digitalisasi UMKM,2090,45000000,,2024-03-29,Inkubator Bisnis Univ
Health Challenge Samarinda 2024,Kesehatan,Gizi dan Nutrisi,Pencegahan Stunting,1513,8000000,,2024-11-03,ikatan dokter indonesia   
DevFest Makassar 2025,Tech & IT,UI/UX Design,Aplikasi Layanan Publik,3803,20000000,,2025-09-03,AWS INDONESIA
Aksi Sehat Pontianak 2025,Kesehatan,Kesehatan Mental,Pencegahan Stunting,520,26000000,,2025-09-19,Ikatan Dokter Indonesia
national datathon 2026   ,Tech & IT,Cyber Security,Aplikasi Layanan Publik,567,6000000,,2026-02-16,Kementerian Kominfo
National Tech Challenge 2025,Tech & IT,Software Development,Smart City,1590,6000000,,2025-03-13,Tech Community
Kompetisi Pitching Summit Pekanbaru,Bisnis & Ekonomi,Fintech,Green Economy,222,34000000,,2026-09-10,BCA
National Tech Challenge 2025,Tech & IT,Software Development,Smart City,2697,34000000,,2025-03-10,Google Developer Group
Gelar Aksi Sehat Semarang,Kesehatan,Kesehatan Masyarakat,Awareness Kesehatan Mental,3444,44000000,,2024-05-03,Ikatan Dokter Indonesia
Gelar Pitching Summit Makassar,Bisnis & Ekonomi,Kewirausahaan,Umum - Bisnis & Ekonomi,3774,37000000,,2024-05-03,INKUBATOR BISNIS UNIV
Gelar Eco Summit Makassar,Sosial & Lingkungan,Pendidikan,Umum - Sosial & Lingkungan,111,34000000,,2024-12-04,Kementerian Sosial
National DevFest 2024,Tech & IT,UI/UX Design,Generative AI,3768,50000000,,2024-05-25,google developer group   
Festival Hackathon Pontianak,Tech & IT,Cyber Security,Umum - Tech & IT,555,48000000,,2024-08-23,AWS Indonesia
Medical Hackathon Surabaya 2024,Kesehatan,Kesehatan Masyarakat,Umum - Kesehatan,3352,36000000,,2024-08-23,Kementerian Kesehatan RI
GELAR AKSI SEHAT MALANG,Kesehatan,Kesehatan Mental,Pencegahan Stunting,1306,41000000,,2026-05-25,Kementerian Kesehatan RI
National Medical Hackathon 2024,Kesehatan,Kesehatan Masyarakat,Telemedicine Inklusif,1804,29000000,,2024-08-25,Kementerian Kesehatan RI
Kompetisi Startup Fest Batam,Bisnis & Ekonomi,Kewirausahaan,Digitalisasi UMKM,2877,13000000,,2026-05-29,Bursa Efek Indonesia
IMPACT FEST MAKASSAR 2026,Sosial & Lingkungan,Lingkungan Hidup,Energi Terbarukan,2935,35000000,,2026-07-08,UNICEF Indonesia
National Startup Fest 2025,Bisnis & Ekonomi,Kewirausahaan,Green Economy,2090,22000000,,2025-10-23,kementerian koperasi dan ukm   
National CodeFest 2026,Tech & IT,Software Development,Generative AI,1934,23000000,,2026-10-30,PT Telkom Indonesia
IMPACT FEST NASIONAL 2025,Sosial & Lingkungan,Kemanusiaan,Umum - Sosial & Lingkungan,3058,48000000,,2025-09-07,kementerian sosial   
Kompetisi Ideathon Denpasar,Tech & IT,Data Science,Smart City,3084,47000000,,2025-10-10,tech community   
AKSI SEHAT SAMARINDA 2025,Kesehatan,Kesehatan Masyarakat,Telemedicine Inklusif,1585,14000000,,2025-08-14,Penyelenggara Independen
Festival DevFest Malang,Tech & IT,AI/Machine Learning,Smart City,2879,47000000,,2026-07-22,Tech Community
GELAR IMPACT FEST SEMARANG,Sosial & Lingkungan,Pemberdayaan Masyarakat,Pendidikan Daerah Terpelosok,-2533,42000000,,2026-07-07,UNICEF Indonesia
National CodeFest 2025,Tech & IT,Software Development,Data Privacy,290,31000000,,2025-09-21,Kementerian Kominfo
NATIONAL RELAWAN CHALLENGE 2026,Sosial & Lingkungan,Pendidikan,Pengurangan Sampah Plastik,2922,44000000,,2026-12-17,WWF Indonesia
Startup Fest Bandung 2026,Bisnis & Ekonomi,Umum - Bisnis & Ekonomi,Green Economy,2090,5000000,,2026-10-09,BCA
DATATHON PALEMBANG 2026,Tech & IT,Software Development,Blockchain for Good,3709,47000000,,2026-03-12,Kementerian Kominfo
National Tech Challenge 2026,Tech & IT,UI/UX Design,Data Privacy,367,19000000,,2027-01-04,Tech Community
Hackathon Surabaya 2025,Tech & IT,Software Development,Smart City,1626,24000000,,2025-06-20,PT TELKOM INDONESIA
kompetisi startup fest surabaya   ,Bisnis & Ekonomi,Business Plan,Strategi Pemasaran Gen Z,2971,34000000,,2026-08-10,BCA
National Aksi Baik 2026,Sosial & Lingkungan,Kemanusiaan,Aksi Tanggap Bencana,1921,47000000,,2026-07-07,UNICEF Indonesia
eco summit palembang 2024   ,Sosial & Lingkungan,Kemanusiaan,Pendidikan Daerah Terpelosok,700,46000000,,2024-07-22,Yayasan Ruangguru
Impact Fest Manado 2026,Sosial & Lingkungan,Pendidikan,Pendidikan Daerah Terpelosok,1003,29000000,,2026-08-29,UNICEF Indonesia
Sociopreneur Malang 2024,Sosial & Lingkungan,Kemanusiaan,Aksi Tanggap Bencana,3521,9000000,,2025-01-02,YAYASAN RUANGGURU
National Sociopreneur 2025,Sosial & Lingkungan,Pendidikan,Aksi Tanggap Bencana,-3557,29000000,,2025-10-26,Penyelenggara Independen
Gelar Health Challenge Pekanbaru,Kesehatan,Gizi dan Nutrisi,Telemedicine Inklusif,1609,49000000,2026-04-18,2026-05-20,Kementerian Kesehatan RI
national business case 2026   ,Bisnis & Ekonomi,Business Plan,Green Economy,1416,50000000,,2026-11-30,Bursa Efek Indonesia
FESTIVAL DATATHON BATAM,Tech & IT,Data Science,Data Privacy,-3416,46000000,,2024-06-03,Tech Community
National Hackathon 2025,Tech & IT,Data Science,Smart City,2435,31000000,,2025-02-15,PT TELKOM INDONESIA
Festival Gagasan Medis Pekanbaru,Kesehatan,Kesehatan Mental,Pencegahan Stunting,1311,14000000,,2025-02-15,yayasan peduli sehat   
National Startup Fest 2024,Bisnis & Ekonomi,Fintech,Digitalisasi UMKM,1919,22000000,,2024-04-15,Inkubator Bisnis Univ
FESTIVAL AKSI BAIK NASIONAL,Sosial & Lingkungan,Pendidikan,Pengurangan Sampah Plastik,96,31000000,,2026-07-16,Yayasan Ruangguru
Kompetisi Med Inno Semarang,Kesehatan,Kesehatan Masyarakat,Awareness Kesehatan Mental,2183,43000000,,2024-10-26,Yayasan Peduli Sehat
Kompetisi Startup Fest Samarinda,Bisnis & Ekonomi,Kewirausahaan,Keuangan Inklusif,-772,29000000,,2024-08-29,Penyelenggara Independen
Business Case Medan 2024,Bisnis & Ekonomi,Marketing,Ekonomi Sirkular,1075,36000000,,2024-03-09,Bank Indonesia
Festival Tech Challenge Makassar,Tech & IT,AI/Machine Learning,Aplikasi Layanan Publik,2663,18000000,,2026-08-15,Google Developer Group
Sociopreneur Denpasar 2025,Sosial & Lingkungan,Pendidikan,Umum - Sosial & Lingkungan,2353,46000000,2025-08-21,2025-09-06,Penyelenggara Independen
National Relawan Challenge 2026,Sosial & Lingkungan,Pemberdayaan Masyarakat,Pengurangan Sampah Plastik,1921,26000000,,2026-03-25,Yayasan Ruangguru
venture challenge jakarta 2025   ,Bisnis & Ekonomi,Marketing,Ekonomi Sirkular,3227,29000000,,2025-12-02,Bursa Efek Indonesia
GELAR SOCIOPRENEUR BALIKPAPAN,Sosial & Lingkungan,Lingkungan Hidup,Energi Terbarukan,1921,19000000,,2025-04-29,kementerian sosial   
National CodeFest 2026,Tech & IT,Cyber Security,Umum - Tech & IT,608,25000000,,2025-04-29,tech community   
National Business Case 2026,Bisnis & Ekonomi,Business Plan,Ekonomi Sirkular,745,13000000,,2025-04-29,Kementerian Koperasi dan UKM
Festival Venture Challenge Bengkulu,Bisnis & Ekonomi,Marketing,Green Economy,3723,17000000,,2026-10-17,kementerian koperasi dan ukm   
Gelar Eco Summit Yogyakarta,Sosial & Lingkungan,Kemanusiaan,Pendidikan Daerah Terpelosok,1342,35000000,,2026-01-26,Yayasan Ruangguru
tech challenge balikpapan 2025   ,Tech & IT,UI/UX Design,Umum - Tech & IT,740,22000000,,2025-05-15,aws indonesia   
festival aksi baik samarinda   ,Sosial & Lingkungan,Lingkungan Hidup,Pengurangan Sampah Plastik,1261,28000000,,2026-10-30,KITABISA
National Startup Fest 2024,Bisnis & Ekonomi,Fintech,Keuangan Inklusif,2732,23000000,,2024-11-12,BANK INDONESIA
Kompetisi Sociopreneur Pekanbaru,Bisnis & Ekonomi,Kemanusiaan,Aksi Tanggap Bencana,2090,31000000,,2024-12-04,Penyelenggara Independen
NATIONAL PRENEUR OLYMPIAD 2024,Bisnis & Ekonomi,Pengembangan UMKM,Green Economy,54,34000000,,2024-05-15,Bursa Efek Indonesia
Datathon Batam 2025,Tech & IT,AI/Machine Learning,Blockchain for Good,367,33000000,,2025-10-28,AWS Indonesia
FESTIVAL PRENEUR OLYMPIAD DENPASAR,Bisnis & Ekonomi,Kewirausahaan,Digitalisasi UMKM,2146,47000000,,2024-05-07,Kementerian Koperasi dan UKM
Gelar Medical Hackathon Manado,Kesehatan,Gizi dan Nutrisi,Inovasi Alat Medis,3310,41000000,,2026-08-31,kementerian kesehatan ri   
NATIONAL RELAWAN CHALLENGE 2025,Sosial & Lingkungan,Umum - Sosial & Lingkungan,Pendidikan Daerah Terpelosok,1947,9000000,,2025-09-18,Yayasan Ruangguru
STARTUP FEST JAKARTA 2025,Bisnis & Ekonomi,Kewirausahaan,Ekonomi Sirkular,1551,32000000,,2025-06-25,Kementerian Koperasi dan UKM
Ideathon Manado 2024,Tech & IT,Umum - Tech & IT,Aplikasi Layanan Publik,2587,37000000,,2024-07-06,pt telkom indonesia   
Festival Preneur Olympiad Semarang,Bisnis & Ekonomi,Marketing,Strategi Pemasaran Gen Z,2790,29000000,,2024-09-25,Bursa Efek Indonesia
Tech Challenge Makassar 2026,Tech & IT,AI/Machine Learning,Smart City,977,18000000,,2026-07-02,pt telkom indonesia   
HACKATHON MALANG 2025,Tech & IT,AI/Machine Learning,Umum - Tech & IT,2553,29000000,,2025-09-03,kementerian kominfo   
National CodeFest 2026,Tech & IT,UI/UX Design,Umum - Tech & IT,1697,35000000,2026-04-18,2025-09-03,google developer group   
National Startup Fest 2026,Bisnis & Ekonomi,Kewirausahaan,Strategi Pemasaran Gen Z,2303,35000000,,2026-06-01,BCA
NATIONAL IDEATHON 2025,Tech & IT,UI/UX Design,Umum - Tech & IT,-1250,28000000,,2025-04-03,tech community   
National Aksi Sehat 2026,Kesehatan,Gizi dan Nutrisi,Umum - Kesehatan,1804,49000000,,2026-04-09,WHO INDONESIA
TECH CHALLENGE BENGKULU 2025,Tech & IT,UI/UX Design,Smart City,3672,10000000,,2025-08-20,Google Developer Group
FESTIVAL ECO SUMMIT YOGYAKARTA,Sosial & Lingkungan,Pendidikan,Pengurangan Sampah Plastik,-3886,15000000,,2025-08-25,WWF Indonesia
Eco Summit Semarang 2026,Sosial & Lingkungan,Pemberdayaan Masyarakat,Aksi Tanggap Bencana,3119,21000000,,2026-12-10,Kitabisa
Sociopreneur Pekanbaru 2026,Sosial & Lingkungan,Pendidikan,Pendidikan Daerah Terpelosok,1921,14000000,,2026-06-22,YAYASAN RUANGGURU
Kompetisi Aksi Baik Manado,Sosial & Lingkungan,Kemanusiaan,Pengurangan Sampah Plastik,-2979,9000000,,2025-04-20,unicef indonesia   
National CodeFest 2025,Tech & IT,Cyber Security,Umum - Tech & IT,131,41000000,,2025-12-16,AWS INDONESIA
kompetisi datathon denpasar   ,Tech & IT,UI/UX Design,Blockchain for Good,1318,29000000,,2025-12-16,aws indonesia   
National Sociopreneur 2025,Bisnis & Ekonomi,Kemanusiaan,Aksi Tanggap Bencana,2269,35000000,,2025-09-30,Kementerian Sosial
Relawan Challenge Semarang 2026,Sosial & Lingkungan,Kemanusiaan,Pendidikan Daerah Terpelosok,1695,29000000,,2027-01-08,kementerian sosial   
Gelar Tech Challenge Medan,Kesehatan,Data Science,Blockchain for Good,83,33000000,,2025-05-22,Kementerian Kominfo
National DevFest 2026,Tech & IT,Cyber Security,Aplikasi Layanan Publik,3205,29000000,,2026-06-15,AWS Indonesia
aksi baik denpasar 2024   ,Sosial & Lingkungan,Umum - Sosial & Lingkungan,Aksi Tanggap Bencana,1936,35000000,,2024-06-27,Penyelenggara Independen
Festival Eco Summit Padang,Sosial & Lingkungan,Pendidikan,Pengurangan Sampah Plastik,1921,21000000,,2025-08-11,Penyelenggara Independen
Datathon Semarang 2025,Tech & IT,Data Science,Smart City,309,48000000,,2025-11-30,PT Telkom Indonesia
Aksi Sehat Balikpapan 2026,Kesehatan,Kesehatan Mental,Pencegahan Stunting,3664,8000000,2026-01-30,2026-04-04,YAYASAN PEDULI SEHAT
Gelar Preneur Olympiad Malang,Bisnis & Ekonomi,Umum - Bisnis & Ekonomi,Digitalisasi UMKM,492,7000000,,2024-03-26,KEMENTERIAN KOPERASI DAN UKM
National Startup Fest 2026,Bisnis & Ekonomi,Fintech,Green Economy,2090,9000000,,2026-05-17,Inkubator Bisnis Univ
AKSI BAIK MALANG 2024,Sosial & Lingkungan,Pemberdayaan Masyarakat,Pengurangan Sampah Plastik,1921,29000000,2024-09-11,2024-12-04,Kitabisa
FESTIVAL PRENEUR OLYMPIAD MAKASSAR,Bisnis & Ekonomi,Marketing,Green Economy,2011,25000000,,2024-08-27,Inkubator Bisnis Univ
National Hackathon 2026,Tech & IT,AI/Machine Learning,Generative AI,954,12000000,,2026-02-09,Tech Community
National Aksi Sehat 2026,Kesehatan,Gizi dan Nutrisi,Telemedicine Inklusif,112,29000000,,2026-04-22,who indonesia   
Gagasan Medis Medan 2025,Kesehatan,Kesehatan Mental,Umum - Kesehatan,427,26000000,,2025-06-25,Yayasan Peduli Sehat
National Aksi Baik 2024,Sosial & Lingkungan,Umum - Sosial & Lingkungan,Pengurangan Sampah Plastik,1921,31000000,,2024-10-22,Kementerian Sosial
National CodeFest 2026,Tech & IT,Software Development,Aplikasi Layanan Publik,-409,50000000,,2026-09-03,Kementerian Kominfo
FESTIVAL PITCHING SUMMIT YOGYAKARTA,Bisnis & Ekonomi,Marketing,Keuangan Inklusif,2192,34000000,,2026-05-11,BCA
PITCHING SUMMIT BENGKULU 2026,Bisnis & Ekonomi,Business Plan,Strategi Pemasaran Gen Z,1003,33000000,,2026-05-11,Bank Indonesia
Gelar Pitching Summit Surabaya,Bisnis & Ekonomi,Kewirausahaan,Green Economy,1355,5000000,,2026-05-11,BCA
Gagasan Medis Surabaya 2024,Kesehatan,Teknologi Medis,Umum - Kesehatan,396,35000000,,2024-07-02,Yayasan Peduli Sehat
Eco Summit Denpasar 2026,Sosial & Lingkungan,Lingkungan Hidup,Pendidikan Daerah Terpelosok,1921,32000000,,2026-10-13,KEMENTERIAN SOSIAL
Pitching Summit Pontianak 2025,Bisnis & Ekonomi,Pengembangan UMKM,Green Economy,2090,10000000,,2025-10-06,BURSA EFEK INDONESIA
Gelar Pitching Summit Malang,Lainnya,Umum - Lainnya,Keuangan Inklusif,1220,15000000,,2025-09-30,BCA
Kompetisi Tech Challenge Malang,Tech & IT,Cyber Security,Generative AI,-1799,42000000,,2025-08-27,AWS Indonesia
impact fest malang 2026   ,Sosial & Lingkungan,Pendidikan,Energi Terbarukan,631,18000000,,2025-08-27,Yayasan Ruangguru
Gelar Startup Fest Denpasar,Bisnis & Ekonomi,Pengembangan UMKM,Digitalisasi UMKM,3847,7000000,,2024-09-13,Bursa Efek Indonesia
Gagasan Medis Pontianak 2025,Kesehatan,Teknologi Medis,Telemedicine Inklusif,3028,46000000,,2025-03-29,Yayasan Peduli Sehat
National Aksi Sehat 2026,Kesehatan,Gizi dan Nutrisi,Telemedicine Inklusif,112,8000000,,2026-04-22,WHO INDONESIA
Gagasan Medis Medan 2024,Kesehatan,Teknologi Medis,Inovasi Alat Medis,1804,50000000,,2024-07-13,Ikatan Dokter Indonesia
national sociopreneur 2026   ,Bisnis & Ekonomi,Pemberdayaan Masyarakat,Pengurangan Sampah Plastik,2090,27000000,2026-08-14,2026-09-02,WWF Indonesia
Kompetisi Pitching Summit Pekanbaru,Bisnis & Ekonomi,Fintech,Green Economy,2302,42000000,,2024-11-06,Penyelenggara Independen
Kompetisi Startup Fest Samarinda,Bisnis & Ekonomi,Kewirausahaan,Keuangan Inklusif,772,29000000,,2024-08-29,BCA
NATIONAL RELAWAN CHALLENGE 2026,Sosial & Lingkungan,Umum - Sosial & Lingkungan,Aksi Tanggap Bencana,370,21000000,,2026-08-07,Penyelenggara Independen
National Med Inno 2026,Kesehatan,Kesehatan Mental,Pencegahan Stunting,2250,24000000,,2026-05-03,Ikatan Dokter Indonesia
NATIONAL BUSINESS CASE 2026,Lainnya,Pengembangan UMKM,Ekonomi Sirkular,3616,22000000,,2026-10-10,KEMENTERIAN KOPERASI DAN UKM
Kompetisi Preneur Olympiad Padang,Bisnis & Ekonomi,Marketing,Keuangan Inklusif,3790,46000000,,2025-07-25,Bursa Efek Indonesia
Aksi Baik Batam 2025,Sosial & Lingkungan,Pemberdayaan Masyarakat,Umum - Sosial & Lingkungan,1921,21000000,,2025-06-06,UNICEF Indonesia
Venture Challenge Pontianak 2026,Bisnis & Ekonomi,Kewirausahaan,Ekonomi Sirkular,2594,38000000,,2026-07-04,Kementerian Koperasi dan UKM
kompetisi pitching summit manado   ,Bisnis & Ekonomi,Pengembangan UMKM,Umum - Bisnis & Ekonomi,2090,46000000,,2025-01-06,BCA
KOMPETISI DATATHON PEKANBARU,Tech & IT,Cyber Security,Data Privacy,2511,29000000,,2024-08-01,Google Developer Group
gelar eco summit makassar   ,Sosial & Lingkungan,Pemberdayaan Masyarakat,Pendidikan Daerah Terpelosok,446,33000000,,2024-04-04,WWF Indonesia
Festival Med Inno Balikpapan,Kesehatan,Teknologi Medis,Inovasi Alat Medis,1804,10000000,,2026-11-06,Kementerian Kesehatan RI
National Eco Summit 2026,Sosial & Lingkungan,Pendidikan,Aksi Tanggap Bencana,1669,29000000,,2026-04-21,Kitabisa
gelar ideathon semarang   ,Tech & IT,Software Development,Smart City,1626,23000000,,2025-11-01,Penyelenggara Independen
National Business Case 2025,Bisnis & Ekonomi,Umum - Bisnis & Ekonomi,Umum - Bisnis & Ekonomi,3567,29000000,,2025-11-27,Kementerian Koperasi dan UKM
Gelar Startup Fest Manado,Bisnis & Ekonomi,Fintech,Keuangan Inklusif,2090,48000000,,2026-05-22,Bursa Efek Indonesia
Festival Eco Summit Makassar,Sosial & Lingkungan,Pendidikan,Energi Terbarukan,1921,23000000,,2024-06-21,WWF Indonesia
National Tech Challenge 2025,Tech & IT,Software Development,Smart City,1626,6000000,,2025-03-13,tech community   
Impact Fest Bali 2026,Sosial & Lingkungan,Lingkungan Hidup,Umum - Sosial & Lingkungan,-2185,13000000,,2025-03-13,WWF Indonesia
Gelar Med Inno Pekanbaru,Kesehatan,Umum - Kesehatan,Awareness Kesehatan Mental,1341,45000000,,2025-07-26,Kementerian Kesehatan RI
IMPACT FEST MANADO 2026,Sosial & Lingkungan,Pemberdayaan Masyarakat,Energi Terbarukan,1921,42000000,,2026-05-15,Yayasan Ruangguru
NATIONAL GAGASAN MEDIS 2025,Kesehatan,Kesehatan Masyarakat,Inovasi Alat Medis,2403,5000000,,2025-02-23,Penyelenggara Independen
Medical Hackathon Padang 2024,Kesehatan,Gizi dan Nutrisi,Inovasi Alat Medis,3959,12000000,2024-05-29,2024-06-19,Yayasan Peduli Sehat
National Gagasan Medis 2026,Kesehatan,Gizi dan Nutrisi,Telemedicine Inklusif,1804,41000000,,2026-08-27,Kementerian Kesehatan RI
Impact Fest Bandung 2026,Sosial & Lingkungan,Kemanusiaan,Aksi Tanggap Bencana,1405,26000000,,2026-04-08,Yayasan Ruangguru
Festival CodeFest Samarinda,Tech & IT,Software Development,Data Privacy,-1735,42000000,,2024-02-29,Tech Community
Venture Challenge Bandung 2025,Bisnis & Ekonomi,Fintech,Strategi Pemasaran Gen Z,2090,7000000,,2025-02-22,Kementerian Koperasi dan UKM
Kompetisi Datathon Denpasar,Tech & IT,UI/UX Design,Blockchain for Good,1318,45000000,,2024-05-09,aws indonesia   
National Sociopreneur 2024,Sosial & Lingkungan,Pemberdayaan Masyarakat,Pendidikan Daerah Terpelosok,3194,33000000,,2024-06-03,Yayasan Ruangguru
VENTURE CHALLENGE PEKANBARU 2025,Bisnis & Ekonomi,Fintech,Keuangan Inklusif,2090,34000000,,2025-06-26,kementerian koperasi dan ukm   
MEDICAL HACKATHON DENPASAR 2025,Kesehatan,Teknologi Medis,Awareness Kesehatan Mental,1417,13000000,,2025-06-07,Yayasan Peduli Sehat
National Venture Challenge 2026,Bisnis & Ekonomi,Fintech,Keuangan Inklusif,3910,34000000,,2026-05-19,BCA
Kompetisi Pitching Summit Samarinda,Bisnis & Ekonomi,Business Plan,Strategi Pemasaran Gen Z,2090,10000000,,2025-07-29,BCA
national codefest 2025   ,Tech & IT,AI/Machine Learning,Data Privacy,3551,47000000,,2025-09-19,pt telkom indonesia   
Kompetisi Venture Challenge Makassar,Bisnis & Ekonomi,Marketing,Strategi Pemasaran Gen Z,2090,50000000,,2026-06-10,BCA
National Eco Summit 2026,Sosial & Lingkungan,Pemberdayaan Masyarakat,Umum - Sosial & Lingkungan,3641,7000000,,2026-05-29,Kementerian Sosial
Business Case Batam 2026,Bisnis & Ekonomi,Fintech,Strategi Pemasaran Gen Z,2090,32000000,,2026-04-11,Bank Indonesia
Kompetisi Startup Fest Denpasar,Bisnis & Ekonomi,Pengembangan UMKM,Ekonomi Sirkular,2421,10000000,,2026-04-11,Bursa Efek Indonesia
Festival Aksi Baik Denpasar,Sosial & Lingkungan,Pemberdayaan Masyarakat,Pengurangan Sampah Plastik,1168,29000000,,2026-08-24,UNICEF Indonesia
DevFest Bali 2026,Tech & IT,Cyber Security,Aplikasi Layanan Publik,1626,30000000,,2026-08-24,kementerian kominfo   
Gagasan Medis Denpasar 2026,Kesehatan,Teknologi Medis,Telemedicine Inklusif,3830,24000000,,2027-01-15,Kementerian Kesehatan RI
Impact Fest Surabaya 2024,Sosial & Lingkungan,Kemanusiaan,Aksi Tanggap Bencana,3032,33000000,,2024-05-22,Penyelenggara Independen
Kompetisi DevFest Semarang,Tech & IT,AI/Machine Learning,Generative AI,1440,9000000,,2026-05-15,Tech Community
Kompetisi DevFest Padang,Tech & IT,Data Science,Blockchain for Good,2880,29000000,,2025-03-06,kementerian kominfo   
NATIONAL CODEFEST 2026,Tech & IT,AI/Machine Learning,Umum - Tech & IT,699,45000000,,2025-03-06,Penyelenggara Independen
National Startup Fest 2026,Bisnis & Ekonomi,Pengembangan UMKM,Strategi Pemasaran Gen Z,3067,17000000,,2026-07-30,Bank Indonesia
National Aksi Baik 2024,Sosial & Lingkungan,Lingkungan Hidup,Pengurangan Sampah Plastik,-1125,35000000,,2024-06-21,WWF Indonesia
Venture Challenge Samarinda 2025,Bisnis & Ekonomi,Pengembangan UMKM,Green Economy,3375,7000000,,2024-06-21,Kementerian Koperasi dan UKM
gelar gagasan medis balikpapan   ,Kesehatan,Teknologi Medis,Umum - Kesehatan,3837,7000000,,2026-04-24,Kementerian Kesehatan RI
eco summit samarinda 2025   ,Sosial & Lingkungan,Pendidikan,Pengurangan Sampah Plastik,809,19000000,2025-06-13,2025-08-25,WWF Indonesia
Aksi Baik Balikpapan 2025,Sosial & Lingkungan,Pendidikan,Aksi Tanggap Bencana,2644,29000000,,2025-07-18,kitabisa   
Gelar Aksi Baik Manado,Sosial & Lingkungan,Pemberdayaan Masyarakat,Aksi Tanggap Bencana,2107,34000000,,2025-07-18,WWF INDONESIA
Eco Summit Palembang 2024,Sosial & Lingkungan,Kemanusiaan,Pendidikan Daerah Terpelosok,-2431,45000000,,2024-03-13,Kementerian Sosial
National Medical Hackathon 2026,Kesehatan,Kesehatan Mental,Telemedicine Inklusif,3792,50000000,,2024-03-13,Kementerian Kesehatan RI
National Business Case 2025,Bisnis & Ekonomi,Kewirausahaan,Ekonomi Sirkular,1417,29000000,,2024-03-13,Bursa Efek Indonesia
Kompetisi Business Case Palembang,Bisnis & Ekonomi,Business Plan,Keuangan Inklusif,3162,11000000,,2025-05-15,Inkubator Bisnis Univ
Kompetisi Pitching Summit Palembang,Bisnis & Ekonomi,Pengembangan UMKM,Strategi Pemasaran Gen Z,3914,29000000,,2026-07-17,Kementerian Koperasi dan UKM
Kompetisi Health Challenge Pontianak,Kesehatan,Gizi dan Nutrisi,Inovasi Alat Medis,453,43000000,,2026-07-17,Yayasan Peduli Sehat
National Preneur Olympiad 2024,Bisnis & Ekonomi,Pengembangan UMKM,Digitalisasi UMKM,3241,42000000,2024-10-14,2024-11-30,Penyelenggara Independen
Preneur Olympiad Palembang 2026,Bisnis & Ekonomi,Fintech,Umum - Bisnis & Ekonomi,-390,14000000,,2026-08-20,BANK INDONESIA
Startup Fest Balikpapan 2024,Bisnis & Ekonomi,Pengembangan UMKM,Keuangan Inklusif,3786,8000000,,2024-09-04,Inkubator Bisnis Univ
National Datathon 2025,Tech & IT,UI/UX Design,Smart City,1626,13000000,,2025-04-08,PT Telkom Indonesia
NATIONAL VENTURE CHALLENGE 2024,Bisnis & Ekonomi,Umum - Bisnis & Ekonomi,Digitalisasi UMKM,1696,41000000,,2024-03-24,Bank Indonesia
GAGASAN MEDIS YOGYAKARTA 2024,Kesehatan,Gizi dan Nutrisi,Awareness Kesehatan Mental,2422,27000000,,2024-05-08,who indonesia   
National Sociopreneur 2025,Sosial & Lingkungan,Lingkungan Hidup,Pengurangan Sampah Plastik,1080,34000000,2025-08-05,2025-10-06,KITABISA
National Medical Hackathon 2024,Kesehatan,Umum - Kesehatan,Awareness Kesehatan Mental,2336,45000000,,2024-04-14,WHO INDONESIA
PITCHING SUMMIT MALANG 2026,Bisnis & Ekonomi,Pengembangan UMKM,Strategi Pemasaran Gen Z,1977,41000000,,2027-01-20,Inkubator Bisnis Univ
Gagasan Medis Bali 2025,Kesehatan,Umum - Kesehatan,Pencegahan Stunting,3540,36000000,,2025-09-25,Yayasan Peduli Sehat
National CodeFest 2026,Tech & IT,Software Development,Aplikasi Layanan Publik,1534,29000000,,2026-12-01,AWS Indonesia
NATIONAL TECH CHALLENGE 2024,Tech & IT,UI/UX Design,Data Privacy,344,39000000,,2024-06-11,kementerian kominfo   
HACKATHON JAKARTA 2025,Tech & IT,Cyber Security,Umum - Tech & IT,3133,19000000,,2025-07-01,Tech Community
NATIONAL RELAWAN CHALLENGE 2026,Sosial & Lingkungan,Pemberdayaan Masyarakat,Umum - Sosial & Lingkungan,3455,48000000,,2026-09-03,Kitabisa
GELAR BUSINESS CASE BATAM,Bisnis & Ekonomi,Pengembangan UMKM,Ekonomi Sirkular,491,40000000,,2025-11-09,Bank Indonesia
Pitching Summit Manado 2026,Bisnis & Ekonomi,Umum - Bisnis & Ekonomi,Strategi Pemasaran Gen Z,2383,24000000,,2027-01-14,Bank Indonesia
Preneur Olympiad Nasional 2026,Bisnis & Ekonomi,Business Plan,Keuangan Inklusif,2090,26000000,,2026-07-02,Kementerian Koperasi dan UKM
National DevFest 2024,Tech & IT,Cyber Security,Smart City,3672,35000000,,2024-05-12,aws indonesia   
National Impact Fest 2024,Sosial & Lingkungan,Pemberdayaan Masyarakat,Pengurangan Sampah Plastik,1370,29000000,,2024-03-03,WWF Indonesia
National Ideathon 2024,Tech & IT,AI/Machine Learning,Umum - Tech & IT,416,18000000,,2024-03-13,tech community   
FESTIVAL ECO SUMMIT PADANG,Sosial & Lingkungan,Pemberdayaan Masyarakat,Aksi Tanggap Bencana,1921,43000000,2025-06-15,2024-03-13,yayasan ruangguru   
National Tech Challenge 2024,Tech & IT,UI/UX Design,Generative AI,1594,45000000,,2024-04-05,Penyelenggara Independen
Datathon Surabaya 2026,Tech & IT,AI/Machine Learning,Umum - Tech & IT,1622,45000000,2026-08-04,2024-04-05,Tech Community
national impact fest 2024   ,Sosial & Lingkungan,Pemberdayaan Masyarakat,Pengurangan Sampah Plastik,2953,8000000,,2024-03-17,Kitabisa
Festival Med Inno Pekanbaru,Kesehatan,Gizi dan Nutrisi,Pencegahan Stunting,-3932,50000000,,2024-10-26,Yayasan Peduli Sehat
National Relawan Challenge 2024,Sosial & Lingkungan,Pemberdayaan Masyarakat,Energi Terbarukan,3218,24000000,,2024-08-05,Kitabisa
National Aksi Baik 2024,Sosial & Lingkungan,Lingkungan Hidup,Aksi Tanggap Bencana,289,41000000,,2024-04-19,KITABISA
GELAR MEDICAL HACKATHON PADANG,Kesehatan,Kesehatan Masyarakat,Inovasi Alat Medis,245,40000000,,2024-04-19,Yayasan Peduli Sehat
National Medical Hackathon 2024,Kesehatan,Gizi dan Nutrisi,Telemedicine Inklusif,52,21000000,,2024-07-21,Kementerian Kesehatan RI
Gelar CodeFest Nasional,Tech & IT,Umum - Tech & IT,Generative AI,1626,15000000,,2024-07-08,Google Developer Group
kompetisi devfest bandung   ,Tech & IT,Umum - Tech & IT,Smart City,1207,22000000,,2025-09-29,google developer group   
festival med inno malang   ,Kesehatan,Kesehatan Mental,Umum - Kesehatan,2037,23000000,,2024-03-28,Kementerian Kesehatan RI
Kompetisi CodeFest Palembang,Tech & IT,Umum - Tech & IT,Smart City,807,26000000,,2024-04-25,Tech Community
NATIONAL TECH CHALLENGE 2026,Tech & IT,UI/UX Design,Aplikasi Layanan Publik,2702,34000000,,2026-07-16,PT Telkom Indonesia
Kompetisi Med Inno Nasional,Kesehatan,Kesehatan Mental,Awareness Kesehatan Mental,3464,20000000,,2024-04-10,Kementerian Kesehatan RI
National Medical Hackathon 2024,Kesehatan,Teknologi Medis,Telemedicine Inklusif,1837,19000000,,2024-04-10,WHO Indonesia
Impact Fest Surabaya 2024,Sosial & Lingkungan,Kemanusiaan,Energi Terbarukan,1955,10000000,,2024-10-06,Kitabisa
national health challenge 2025   ,Kesehatan,Kesehatan Mental,Telemedicine Inklusif,3932,26000000,,2025-05-19,Yayasan Peduli Sehat
National Gagasan Medis 2026,Kesehatan,Kesehatan Masyarakat,Pencegahan Stunting,972,9000000,,2026-11-14,KEMENTERIAN KESEHATAN RI
national medical hackathon 2024   ,Kesehatan,Umum - Kesehatan,Awareness Kesehatan Mental,611,39000000,,2026-11-14,Yayasan Peduli Sehat
Sociopreneur Padang 2024,Sosial & Lingkungan,Pemberdayaan Masyarakat,Aksi Tanggap Bencana,1942,32000000,,2024-05-27,yayasan ruangguru   
Impact Fest Denpasar 2026,Sosial & Lingkungan,Kemanusiaan,Pendidikan Daerah Terpelosok,463,28000000,,2026-02-03,UNICEF Indonesia
Venture Challenge Balikpapan 2025,Bisnis & Ekonomi,Pengembangan UMKM,Ekonomi Sirkular,2090,20000000,,2025-03-22,Kementerian Koperasi dan UKM
National Aksi Sehat 2024,Kesehatan,Gizi dan Nutrisi,Telemedicine Inklusif,1503,36000000,,2024-12-23,Ikatan Dokter Indonesia
ECO SUMMIT MANADO 2026,Sosial & Lingkungan,Pendidikan,Energi Terbarukan,-2842,5000000,,2026-04-30,Yayasan Ruangguru
National Pitching Summit 2024,Bisnis & Ekonomi,Marketing,Strategi Pemasaran Gen Z,255,19000000,,2024-10-31,BCA
Aksi Baik Bali 2025,Sosial & Lingkungan,Lingkungan Hidup,Pengurangan Sampah Plastik,1921,37000000,,2025-08-02,WWF Indonesia
Festival Startup Fest Surabaya,Bisnis & Ekonomi,Pengembangan UMKM,Ekonomi Sirkular,3801,7000000,,2025-07-18,Bank Indonesia
Startup Fest Bali 2026,Bisnis & Ekonomi,Pengembangan UMKM,Ekonomi Sirkular,2066,29000000,,2026-04-02,Bank Indonesia
Kompetisi Preneur Olympiad Bandung,Bisnis & Ekonomi,Kewirausahaan,Digitalisasi UMKM,343,29000000,,2026-06-04,Kementerian Koperasi dan UKM
National Sociopreneur 2025,Sosial & Lingkungan,Pendidikan,Energi Terbarukan,2804,13000000,,2025-08-03,Kementerian Sosial
Kompetisi Aksi Baik Nasional,Sosial & Lingkungan,Pemberdayaan Masyarakat,Pengurangan Sampah Plastik,1921,6000000,,2026-09-13,Penyelenggara Independen
Datathon Denpasar 2025,Tech & IT,Umum - Tech & IT,Aplikasi Layanan Publik,1247,29000000,,2025-03-14,Tech Community
Festival DevFest Balikpapan,Tech & IT,Cyber Security,Blockchain for Good,172,14000000,2026-04-17,2026-07-05,Tech Community
National Aksi Sehat 2024,Kesehatan,Kesehatan Mental,Pencegahan Stunting,1305,50000000,,2024-08-11,Yayasan Peduli Sehat
Festival Eco Summit Nasional,Sosial & Lingkungan,Kemanusiaan,Aksi Tanggap Bencana,1277,29000000,,2024-06-09,Kitabisa
Kompetisi Business Case Pekanbaru,Bisnis & Ekonomi,Kewirausahaan,Umum - Bisnis & Ekonomi,-2181,27000000,,2026-07-10,Kementerian Koperasi dan UKM
national sociopreneur 2025   ,Bisnis & Ekonomi,Pendidikan,Aksi Tanggap Bencana,3557,20000000,,2025-10-26,Kitabisa
FESTIVAL HACKATHON MALANG,Tech & IT,UI/UX Design,Blockchain for Good,2017,29000000,,2026-08-27,AWS Indonesia
National Ideathon 2024,Tech & IT,AI/Machine Learning,Smart City,543,41000000,,2024-12-24,GOOGLE DEVELOPER GROUP
Gelar Health Challenge Palembang,Kesehatan,Teknologi Medis,Awareness Kesehatan Mental,3900,29000000,,2024-10-27,Kementerian Kesehatan RI
Kompetisi Impact Fest Yogyakarta,Sosial & Lingkungan,Pendidikan,Energi Terbarukan,2314,5000000,2024-01-12,2024-03-14,Yayasan Ruangguru
Hackathon Makassar 2025,Tech & IT,Software Development,Aplikasi Layanan Publik,1330,45000000,,2025-09-02,Penyelenggara Independen
TECH CHALLENGE MEDAN 2026,Tech & IT,AI/Machine Learning,Data Privacy,2746,14000000,,2026-08-02,PT Telkom Indonesia
festival preneur olympiad nasional   ,Bisnis & Ekonomi,Fintech,Strategi Pemasaran Gen Z,2090,37000000,,2025-12-10,BCA
National Datathon 2025,Tech & IT,AI/Machine Learning,Blockchain for Good,607,29000000,,2025-06-17,AWS Indonesia
Datathon Bali 2024,Tech & IT,Data Science,Smart City,3071,5000000,2024-02-10,2025-06-17,Google Developer Group
festival venture challenge medan   ,Bisnis & Ekonomi,Pengembangan UMKM,Green Economy,3504,24000000,,2024-09-12,KEMENTERIAN KOPERASI DAN UKM
Kompetisi Medical Hackathon Malang,Kesehatan,Kesehatan Mental,Inovasi Alat Medis,2226,24000000,,2025-08-31,who indonesia   
NATIONAL CODEFEST 2025,Tech & IT,Data Science,Aplikasi Layanan Publik,753,13000000,,2025-04-28,Tech Community
Kompetisi Health Challenge Makassar,Kesehatan,Kesehatan Masyarakat,Telemedicine Inklusif,3543,38000000,,2024-10-13,Penyelenggara Independen
Sociopreneur Samarinda 2026,Bisnis & Ekonomi,Kemanusiaan,Energi Terbarukan,2090,7000000,,2026-05-16,Kementerian Sosial
CODEFEST PONTIANAK 2026,Tech & IT,Cyber Security,Umum - Tech & IT,2978,48000000,,2026-10-01,Tech Community
National Preneur Olympiad 2026,Bisnis & Ekonomi,Fintech,Ekonomi Sirkular,548,50000000,,2026-10-01,Bursa Efek Indonesia
gelar gagasan medis nasional   ,Kesehatan,Kesehatan Masyarakat,Pencegahan Stunting,1207,12000000,,2026-11-09,Ikatan Dokter Indonesia
Gelar Venture Challenge Palembang,Lainnya,Business Plan,Ekonomi Sirkular,1203,29000000,,2026-09-11,inkubator bisnis univ   
Gelar Preneur Olympiad Balikpapan,Bisnis & Ekonomi,Kewirausahaan,Green Economy,-3052,35000000,,2024-11-01,Penyelenggara Independen
KOMPETISI PITCHING SUMMIT JAKARTA,Bisnis & Ekonomi,Umum - Bisnis & Ekonomi,Strategi Pemasaran Gen Z,1020,30000000,,2025-06-19,Kementerian Koperasi dan UKM
Gelar Business Case Manado,Bisnis & Ekonomi,Kewirausahaan,Green Economy,3175,22000000,,2025-09-28,BCA
Festival CodeFest Pekanbaru,Tech & IT,UI/UX Design,Blockchain for Good,641,9000000,,2026-12-17,PT Telkom Indonesia
Eco Summit Malang 2026,Sosial & Lingkungan,Umum - Sosial & Lingkungan,Aksi Tanggap Bencana,348,24000000,,2026-08-20,UNICEF Indonesia
Festival Sociopreneur Nasional,Sosial & Lingkungan,Kemanusiaan,Pengurangan Sampah Plastik,1921,24000000,,2024-02-05,UNICEF Indonesia
NATIONAL DEVFEST 2024,Tech & IT,UI/UX Design,Data Privacy,1435,42000000,,2024-11-17,kementerian kominfo   
Gelar Aksi Baik Nasional,Sosial & Lingkungan,Kemanusiaan,Aksi Tanggap Bencana,1921,12000000,,2024-06-26,UNICEF INDONESIA
Gelar Health Challenge Bali,Kesehatan,Kesehatan Masyarakat,Telemedicine Inklusif,1804,33000000,,2026-04-14,Kementerian Kesehatan RI
DATATHON MAKASSAR 2024,Tech & IT,Cyber Security,Aplikasi Layanan Publik,738,29000000,,2026-04-14,PT TELKOM INDONESIA
Startup Fest Pontianak 2026,Bisnis & Ekonomi,Pengembangan UMKM,Strategi Pemasaran Gen Z,921,25000000,,2026-05-30,Bank Indonesia
Gelar CodeFest Pekanbaru,Tech & IT,Data Science,Aplikasi Layanan Publik,-2694,32000000,,2024-03-26,Tech Community
Venture Challenge Yogyakarta 2024,Bisnis & Ekonomi,Kewirausahaan,Green Economy,2090,6000000,,2024-02-09,Inkubator Bisnis Univ
National Med Inno 2025,Kesehatan,Kesehatan Mental,Pencegahan Stunting,335,31000000,,2025-11-28,Yayasan Peduli Sehat
gelar devfest semarang   ,Tech & IT,Cyber Security,Blockchain for Good,3091,14000000,,2025-03-27,PT Telkom Indonesia
FESTIVAL STARTUP FEST NASIONAL,Bisnis & Ekonomi,Marketing,Green Economy,2090,39000000,,2026-06-17,Bank Indonesia
National Medical Hackathon 2025,Kesehatan,Gizi dan Nutrisi,Inovasi Alat Medis,1804,35000000,,2025-02-13,Kementerian Kesehatan RI
Hackathon Yogyakarta 2024,Tech & IT,Software Development,Smart City,122,29000000,,2024-08-28,Tech Community
FESTIVAL PRENEUR OLYMPIAD MAKASSAR,Bisnis & Ekonomi,Kewirausahaan,Ekonomi Sirkular,2169,19000000,,2026-05-03,Inkubator Bisnis Univ
Kompetisi Tech Challenge Bengkulu,Tech & IT,Data Science,Smart City,2627,35000000,,2024-03-14,Kementerian Kominfo
National Med Inno 2025,Kesehatan,Teknologi Medis,Telemedicine Inklusif,1825,36000000,,2025-11-01,WHO Indonesia
Kompetisi Startup Fest Pontianak,Bisnis & Ekonomi,Fintech,Strategi Pemasaran Gen Z,1452,41000000,,2024-08-03,Bursa Efek Indonesia
KOMPETISI IDEATHON MALANG,Tech & IT,UI/UX Design,Umum - Tech & IT,1245,39000000,,2024-06-10,Google Developer Group
Kompetisi Medical Hackathon Palembang,Kesehatan,Gizi dan Nutrisi,Awareness Kesehatan Mental,914,29000000,2025-10-01,2024-06-10,Kementerian Kesehatan RI
Festival Tech Challenge Semarang,Tech & IT,Data Science,Blockchain for Good,1911,18000000,,2026-04-18,Google Developer Group
festival eco summit samarinda   ,Sosial & Lingkungan,Kemanusiaan,Aksi Tanggap Bencana,1921,19000000,,2024-07-01,WWF Indonesia
National Hackathon 2024,Tech & IT,Software Development,Blockchain for Good,2301,24000000,2024-03-02,2024-05-06,Kementerian Kominfo
NATIONAL MED INNO 2024,Kesehatan,Kesehatan Masyarakat,Awareness Kesehatan Mental,2471,46000000,,2024-05-25,Ikatan Dokter Indonesia
DATATHON BENGKULU 2026,Tech & IT,Data Science,Blockchain for Good,2012,35000000,,2024-05-25,GOOGLE DEVELOPER GROUP
National Sociopreneur 2026,Sosial & Lingkungan,Pemberdayaan Masyarakat,Umum - Sosial & Lingkungan,1370,47000000,,2026-05-02,WWF Indonesia
